Date,Active Cases,New Cases,New Deaths,State,Total Cases,Total Deaths,Total Tests
20200122,,1,0,Washington,1,0,
20200123,,0,0,Washington,1,0,
20200124,,1,0,Illinois,1,0,
20200124,,0,0,Washington,1,0,
20200125,,1,0,California,1,0,
20200125,,0,0,Illinois,1,0,
20200125,,0,0,Washington,1,0,
20200126,,1,0,Arizona,1,0,
20200126,,0,0,Illinois,1,0,
20200126,,1,0,California,2,0,
20200126,,0,0,Washington,1,0,
20200127,,0,0,California,2,0,
20200127,,0,0,Arizona,1,0,
20200127,,0,0,Illinois,1,0,
20200127,,0,0,Washington,1,0,
20200128,,0,0,Illinois,1,0,
20200128,,0,0,Washington,1,0,
20200128,,0,0,Arizona,1,0,
20200128,,0,0,California,2,0,
20200129,,0,0,California,2,0,
20200129,,0,0,Arizona,1,0,
20200129,,0,0,Washington,1,0,
20200129,,0,0,Illinois,1,0,
20200130,,1,0,Illinois,2,0,
20200130,,0,0,California,2,0,
20200130,,0,0,Arizona,1,0,
20200130,,0,0,Washington,1,0,
20200131,,1,0,California,3,0,
20200131,,0,0,Washington,1,0,
20200131,,0,0,Arizona,1,0,
20200131,,0,0,Illinois,2,0,
20200201,,0,0,Washington,1,0,
20200201,,0,0,Illinois,2,0,
20200201,,0,0,Arizona,1,0,
20200201,,1,0,Massachusetts,1,0,
20200201,,0,0,California,3,0,
20200202,,0,0,Massachusetts,1,0,
20200202,,3,0,California,6,0,
20200202,,0,0,Washington,1,0,
20200202,,0,0,Illinois,2,0,
20200202,,0,0,Arizona,1,0,
20200203,,0,0,Arizona,1,0,
20200203,,0,0,Massachusetts,1,0,
20200203,,0,0,Illinois,2,0,
20200203,,0,0,California,6,0,
20200203,,0,0,Washington,1,0,
20200204,,0,0,Arizona,1,0,
20200204,,0,0,Washington,1,0,
20200204,,0,0,California,6,0,
20200204,,0,0,Massachusetts,1,0,
20200204,,0,0,Illinois,2,0,
20200205,,0,0,Washington,1,0,
20200205,,0,0,California,6,0,
20200205,,0,0,Massachusetts,1,0,
20200205,,0,0,Illinois,2,0,
20200205,,1,0,Wisconsin,1,0,
20200205,,0,0,Arizona,1,0,
20200206,,0,0,Arizona,1,0,
20200206,,0,0,Massachusetts,1,0,
20200206,,0,0,California,6,0,
20200206,,0,0,Washington,1,0,
20200206,,0,0,Illinois,2,0,
20200206,,0,0,Wisconsin,1,0,
20200207,,0,0,Arizona,1,0,
20200207,,0,0,California,6,0,
20200207,,0,0,Illinois,2,0,
20200207,,0,0,Wisconsin,1,0,
20200207,,0,0,Massachusetts,1,0,
20200207,,0,0,Washington,1,0,
20200208,,0,0,Washington,1,0,
20200208,,0,0,Massachusetts,1,0,
20200208,,0,0,Wisconsin,1,0,
20200208,,0,0,Illinois,2,0,
20200208,,0,0,Arizona,1,0,
20200208,,0,0,California,6,0,
20200209,,0,0,Washington,1,0,
20200209,,0,0,Arizona,1,0,
20200209,,0,0,California,6,0,
20200209,,0,0,Wisconsin,1,0,
20200209,,0,0,Illinois,2,0,
20200209,,0,0,Massachusetts,1,0,
20200210,,1,0,California,7,0,
20200210,,0,0,Illinois,2,0,
20200210,,0,0,Massachusetts,1,0,
20200210,,0,0,Wisconsin,1,0,
20200210,,0,0,Arizona,1,0,
20200210,,0,0,Washington,1,0,
20200211,,0,0,Wisconsin,1,0,
20200211,,0,0,Arizona,1,0,
20200211,,0,0,Washington,1,0,
20200211,,0,0,Illinois,2,0,
20200211,,0,0,California,7,0,
20200211,,0,0,Massachusetts,1,0,
20200212,,0,0,Illinois,2,0,
20200212,,0,0,Wisconsin,1,0,
20200212,,1,0,Texas,1,0,
20200212,,0,0,Washington,1,0,
20200212,,0,0,California,7,0,
20200212,,0,0,Massachusetts,1,0,
20200212,,0,0,Arizona,1,0,
20200213,,0,0,California,7,0,
20200213,,0,0,Illinois,2,0,
20200213,,1,0,Texas,2,0,
20200213,,0,0,Massachusetts,1,0,
20200213,,0,0,Washington,1,0,
20200213,,0,0,Wisconsin,1,0,
20200213,,0,0,Arizona,1,0,
20200214,,0,0,Illinois,2,0,
20200214,,0,0,Massachusetts,1,0,
20200214,,0,0,California,7,0,
20200214,,0,0,Texas,2,0,
20200214,,0,0,Wisconsin,1,0,
20200214,,0,0,Washington,1,0,
20200214,,0,0,Arizona,1,0,
20200215,,0,0,California,7,0,
20200215,,0,0,Texas,2,0,
20200215,,0,0,Illinois,2,0,
20200215,,0,0,Massachusetts,1,0,
20200215,,0,0,Washington,1,0,
20200215,,0,0,Arizona,1,0,
20200215,,0,0,Wisconsin,1,0,
20200216,,0,0,Washington,1,0,
20200216,,0,0,California,7,0,
20200216,,0,0,Illinois,2,0,
20200216,,0,0,Arizona,1,0,
20200216,,0,0,Massachusetts,1,0,
20200216,,0,0,Wisconsin,1,0,
20200216,,0,0,Texas,2,0,
20200217,,0,0,California,7,0,
20200217,,0,0,Wisconsin,1,0,
20200217,,0,0,Arizona,1,0,
20200217,,10,0,Nebraska,10,0,
20200217,,0,0,Texas,2,0,
20200217,,0,0,Washington,1,0,
20200217,,0,0,Illinois,2,0,
20200217,,0,0,Massachusetts,1,0,
20200218,,0,0,Texas,2,0,
20200218,,0,0,Wisconsin,1,0,
20200218,,0,0,Washington,1,0,
20200218,,0,0,Massachusetts,1,0,
20200218,,0,0,Illinois,2,0,
20200218,,0,0,California,7,0,
20200218,,0,0,Nebraska,10,0,
20200218,,0,0,Arizona,1,0,
20200219,,0,0,Massachusetts,1,0,
20200219,,0,0,Wisconsin,1,0,
20200219,,0,0,California,7,0,
20200219,,0,0,Nebraska,10,0,
20200219,,0,0,Arizona,1,0,
20200219,,0,0,Washington,1,0,
20200219,,0,0,Illinois,2,0,
20200219,,0,0,Texas,2,0,
20200220,,0,0,Arizona,1,0,
20200220,,0,0,Massachusetts,1,0,
20200220,,0,0,Washington,1,0,
20200220,,0,0,Texas,2,0,
20200220,,0,0,Wisconsin,1,0,
20200220,,1,0,California,8,0,
20200220,,0,0,Illinois,2,0,
20200220,,1,0,Nebraska,11,0,
20200221,,0,0,Arizona,1,0,
20200221,,0,0,Washington,1,0,
20200221,,0,0,Nebraska,11,0,
20200221,,0,0,Massachusetts,1,0,
20200221,,0,0,Wisconsin,1,0,
20200221,,2,0,Texas,4,0,
20200221,,1,0,California,9,0,
20200221,,0,0,Illinois,2,0,
20200222,,0,0,Nebraska,11,0,
20200222,,0,0,Massachusetts,1,0,
20200222,,0,0,Texas,4,0,
20200222,,0,0,Wisconsin,1,0,
20200222,,0,0,California,9,0,
20200222,,0,0,Arizona,1,0,
20200222,,0,0,Illinois,2,0,
20200222,,0,0,Washington,1,0,
20200223,,0,0,Arizona,1,0,
20200223,,0,0,Washington,1,0,
20200223,,0,0,Wisconsin,1,0,
20200223,,0,0,Texas,4,0,
20200223,,0,0,Nebraska,11,0,
20200223,,0,0,Massachusetts,1,0,
20200223,,0,0,California,9,0,
20200223,,0,0,Illinois,2,0,
20200224,,6,0,Texas,10,0,
20200224,,0,0,Illinois,2,0,
20200224,,2,0,California,11,0,
20200224,,0,0,Wisconsin,1,0,
20200224,,0,0,Massachusetts,1,0,
20200224,,1,0,Nebraska,12,0,
20200224,,4,0,Washington,5,0,
20200224,,0,0,Arizona,1,0,
20200225,,1,0,Utah,1,0,
20200225,,0,0,California,11,0,
20200225,,0,0,Wisconsin,1,0,
20200225,,1,0,Nebraska,13,0,
20200225,,0,0,Texas,10,0,
20200225,,0,0,Arizona,1,0,
20200225,,0,0,Illinois,2,0,
20200225,,0,0,Washington,5,0,
20200225,,0,0,Massachusetts,1,0,
20200226,,0,0,Washington,5,0,
20200226,,0,0,Nebraska,13,0,
20200226,,0,0,Massachusetts,1,0,
20200226,,0,0,Arizona,1,0,
20200226,,0,0,Illinois,2,0,
20200226,,0,0,Texas,10,0,
20200226,,0,0,Wisconsin,1,0,
20200226,,0,0,Utah,1,0,
20200226,,15,0,California,26,0,
20200227,,0,0,Wisconsin,1,0,
20200227,,0,0,Utah,1,0,
20200227,,0,0,Texas,10,0,
20200227,,0,0,Illinois,2,0,
20200227,,0,0,California,26,0,
20200227,,0,0,Massachusetts,1,0,
20200227,,0,0,Nebraska,13,0,
20200227,,0,0,Arizona,1,0,
20200227,,0,0,Washington,5,0,
20200228,,1,0,Texas,11,0,
20200228,,1,0,California,27,0,
20200228,,1,0,Oregon,1,0,
20200228,,2,0,Washington,7,0,
20200228,,0,0,Massachusetts,1,0,
20200228,,0,0,Utah,1,0,
20200228,,0,0,Wisconsin,1,0,
20200228,,0,0,Illinois,2,0,
20200228,,0,0,Nebraska,13,0,
20200228,,0,0,Arizona,1,0,
20200229,,0,0,Nebraska,13,0,
20200229,,0,0,Wisconsin,1,0,
20200229,,0,0,Oregon,1,0,
20200229,,0,0,Massachusetts,1,0,
20200229,,3,1,Washington,10,1,
20200229,,0,0,Utah,1,0,
20200229,,0,0,Arizona,1,0,
20200229,,1,0,Illinois,3,0,
20200229,,0,0,Texas,11,0,
20200229,,1,0,California,28,0,
20200301,,0,0,Massachusetts,1,0,
20200301,,5,0,California,33,0,
20200301,,0,0,Wisconsin,1,0,
20200301,,1,0,New York,1,0,
20200301,,1,0,Oregon,2,0,
20200301,,0,0,Nebraska,13,0,
20200301,,0,0,Illinois,3,0,
20200301,,0,0,Utah,1,0,
20200301,,1,0,Rhode Island,1,0,
20200301,,0,0,Arizona,1,0,
20200301,,7,2,Washington,17,3,
20200301,,2,0,Florida,2,0,
20200301,,0,0,Texas,11,0,
20200302,,0,0,Oregon,2,0,
20200302,,6,3,Washington,23,6,
20200302,,1,0,Illinois,4,0,
20200302,,1,0,New Hampshire,1,0,
20200302,,0,0,New York,1,0,1.0
20200302,,1,0,Massachusetts,2,0,
20200302,,0,0,Utah,1,0,
20200302,,0,0,Nebraska,13,0,
20200302,,5,0,California,38,0,
20200302,,0,0,Florida,2,0,
20200302,,1,0,Rhode Island,2,0,
20200302,,0,0,Texas,11,0,
20200302,,0,0,Arizona,1,0,
20200302,,0,0,Wisconsin,1,0,
20200302,,2,0,Georgia,2,0,
20200303,,0,0,New York,1,0,10.0
20200303,,0,0,Nebraska,13,0,
20200303,,0,0,Wisconsin,1,0,
20200303,,1,0,North Carolina,1,0,
20200303,,7,0,California,45,0,
20200303,,0,0,Georgia,2,0,
20200303,,1,0,Arizona,2,0,
20200303,,0,0,Oregon,2,0,
20200303,,0,0,Texas,11,0,
20200303,,1,0,Florida,3,0,
20200303,,0,0,Illinois,4,0,
20200303,,0,0,Utah,1,0,
20200303,,0,0,Massachusetts,2,0,
20200303,,9,4,Washington,32,10,
20200303,,1,0,New Hampshire,2,0,
20200303,,0,0,Rhode Island,2,0,
20200304,,0,0,Arizona,2,0,
20200304,,0,0,Florida,3,0,
20200304,,0,0,Utah,1,0,
20200304,,0,0,Massachusetts,2,0,
20200304,,0,0,Rhode Island,2,0,
20200304,,0,0,Wisconsin,1,0,
20200304,,10,1,California,55,1,
20200304,,1,0,New Jersey,1,0,
20200304,,0,0,Georgia,2,0,
20200304,,0,0,Illinois,4,0,
20200304,,1,0,Texas,12,0,
20200304,,2,0,New York,3,0,30.0
20200304,,0,0,New Hampshire,2,0,
20200304,,0,0,Oregon,2,0,
20200304,,0,0,Nebraska,13,0,
20200304,,15,1,Washington,47,11,
20200304,,0,0,North Carolina,1,0,
20200305,,0,0,Oregon,2,0,
20200305,,1,0,Florida,4,0,
20200305,,0,0,Georgia,2,0,
20200305,,3,0,Maryland,3,0,
20200305,,0,0,Wisconsin,1,0,
20200305,,28,0,Washington,75,11,
20200305,,0,0,Arizona,2,0,
20200305,,1,0,Massachusetts,3,0,
20200305,,0,0,Nebraska,13,0,
20200305,,2,0,Nevada,2,0,
20200305,,0,0,New Hampshire,2,0,
20200305,,1,0,Illinois,5,0,
20200305,,0,0,Utah,1,0,
20200305,,12,0,California,67,1,
20200305,,4,0,Texas,16,0,
20200305,,0,0,Rhode Island,2,0,
20200305,,1,0,New Jersey,2,0,
20200305,,22,0,New York,25,0,122.0
20200305,,0,0,North Carolina,1,0,
20200305,,1,0,Tennessee,1,0,
20200305,,2,0,Colorado,2,0,
20200306,,1,0,North Carolina,2,0,
20200306,,0,0,Maryland,3,0,
20200306,,1,0,Hawaii,1,0,
20200306,,5,0,Massachusetts,8,0,
20200306,,1,0,Kentucky,1,0,
20200306,,1,0,Minnesota,1,0,
20200306,,1,0,Nebraska,14,0,
20200306,,0,0,Nevada,2,0,
20200306,,1,0,Indiana,1,0,
20200306,,3,2,Florida,7,2,
20200306,,2,0,Pennsylvania,2,0,
20200306,,0,0,New Hampshire,2,0,
20200306,,1,0,Oklahoma,1,0,
20200306,,0,0,Oregon,2,0,
20200306,,11,0,New York,36,0,188.0
20200306,,2,0,New Jersey,4,0,
20200306,,0,0,Wisconsin,1,0,
20200306,,1,0,Illinois,6,0,
20200306,,1,0,Georgia,3,0,
20200306,,6,0,Colorado,8,0,
20200306,,2,0,South Carolina,2,0,
20200306,,2,0,Utah,3,0,
20200306,,14,0,California,81,1,
20200306,,0,0,Rhode Island,2,0,
20200306,,11,1,Washington,86,12,
20200306,,1,0,Arizona,3,0,
20200306,,0,0,Tennessee,1,0,
20200306,,3,0,Texas,19,0,
20200307,,1,0,Rhode Island,3,0,
20200307,,0,0,Illinois,6,0,
20200307,,2,0,Arizona,5,0,
20200307,,5,0,Massachusetts,13,0,
20200307,,24,4,Washington,110,16,
20200307,,0,0,Nevada,2,0,
20200307,,4,0,Georgia,7,0,
20200307,,0,0,South Carolina,2,0,
20200307,,0,0,Oklahoma,1,0,
20200307,,0,0,Kentucky,1,0,
20200307,,0,0,North Carolina,2,0,
20200307,,0,0,Utah,3,0,
20200307,,0,0,Hawaii,1,0,
20200307,,19,0,California,100,1,
20200307,,0,0,Wisconsin,1,0,
20200307,,1,0,Missouri,1,0,
20200307,,24,0,New York,60,0,388.0
20200307,,0,0,Tennessee,1,0,
20200307,,1,0,Kansas,1,0,
20200307,,0,0,Nebraska,14,0,
20200307,,1,0,Vermont,1,0,
20200307,,0,0,New Jersey,4,0,
20200307,,0,0,Colorado,8,0,
20200307,,0,0,Minnesota,1,0,
20200307,,4,0,Oregon,6,0,
20200307,,0,0,Texas,19,0,
20200307,,2,0,Pennsylvania,4,0,
20200307,,0,0,Indiana,1,0,
20200307,,2,0,New Hampshire,4,0,
20200307,,0,0,Maryland,3,0,
20200307,,5,0,Florida,12,2,
20200307,,1,0,"Washington, D.C.",1,0,
20200308,,2,0,Nebraska,16,0,
20200308,,0,0,Arizona,5,0,
20200308,,15,0,Massachusetts,28,0,
20200308,,0,0,Oklahoma,1,0,
20200308,,0,0,Kansas,1,0,
20200308,,1,0,Illinois,7,0,
20200308,,0,0,Wisconsin,1,0,
20200308,,2,0,Tennessee,3,0,
20200308,,2,0,Maryland,5,0,
20200308,,0,0,North Carolina,2,0,
20200308,,1,0,Florida,13,2,
20200308,,2,0,New Jersey,6,0,
20200308,,3,0,Kentucky,4,0,
20200308,,0,0,Utah,3,0,
20200308,,0,0,New Hampshire,4,0,
20200308,,1,0,Minnesota,2,0,
20200308,,0,0,Missouri,1,0,
20200308,,1,0,Connecticut,1,0,
20200308,,1,0,Indiana,2,0,
20200308,,1,0,Hawaii,2,0,
20200308,,28,0,New York,88,0,695.0
20200308,,0,0,"Washington, D.C.",1,0,
20200308,,12,0,California,112,1,
20200308,,0,0,Vermont,1,0,
20200308,,4,0,South Carolina,6,0,
20200308,,2,0,Pennsylvania,6,0,
20200308,,4,0,Texas,23,0,
20200308,,7,0,Oregon,13,0,
20200308,,2,0,Nevada,4,0,
20200308,,31,3,Washington,141,19,
20200308,,0,0,Colorado,8,0,
20200308,,3,0,Iowa,3,0,
20200308,,0,0,Rhode Island,3,0,
20200308,,4,0,Georgia,11,0,
20200309,,4,0,Colorado,12,0,
20200309,,1,0,Maryland,6,0,
20200309,,0,0,Utah,3,0,
20200309,,0,0,Hawaii,2,0,
20200309,,1,0,Kentucky,5,0,
20200309,,0,0,Rhode Island,3,0,
20200309,,0,0,Oregon,13,0,
20200309,,2,0,Indiana,4,0,
20200309,,63,0,New York,151,0,1096.0
20200309,,1,0,Arizona,6,0,
20200309,,0,0,Vermont,1,0,
20200309,,1,0,South Carolina,7,0,
20200309,,0,0,Minnesota,2,0,
20200309,,0,0,Missouri,1,0,
20200309,,38,3,Washington,179,22,
20200309,,1,0,Connecticut,2,0,
20200309,,5,0,North Carolina,7,0,
20200309,,3,0,Ohio,3,0,
20200309,,0,0,Oklahoma,1,0,
20200309,,4,0,Illinois,11,0,
20200309,,0,0,New Hampshire,4,0,
20200309,,1,0,Louisiana,1,0,
20200309,,1,0,Tennessee,4,0,
20200309,,1,0,Texas,24,0,
20200309,,60,1,California,172,2,
20200309,,5,0,New Jersey,11,0,
20200309,,0,0,Nebraska,16,0,
20200309,,13,0,Massachusetts,41,0,
20200309,,4,0,Pennsylvania,10,0,
20200309,,3,0,"Washington, D.C.",4,0,
20200309,,0,0,Nevada,4,0,
20200309,,1,0,Wisconsin,2,0,
20200309,,5,0,Iowa,8,0,
20200309,,6,0,Georgia,17,0,
20200309,,1,0,Florida,14,2,
20200309,,0,0,Kansas,1,0,
20200310,,7,1,California,179,3,
20200310,,0,0,Connecticut,2,0,
20200310,,0,0,Rhode Island,3,0,
20200310,,4,1,New Jersey,15,1,
20200310,,0,0,Vermont,1,0,
20200310,,0,0,Missouri,1,0,
20200310,,5,0,Colorado,17,0,
20200310,,1,0,Nebraska,17,0,
20200310,,44,0,New York,195,0,1521.0
20200310,,5,0,Iowa,13,0,
20200310,,0,0,Kansas,1,0,
20200310,,3,0,Maryland,9,0,
20200310,,3,0,Tennessee,7,0,
20200310,,1,0,Wisconsin,3,0,
20200310,,7,0,Texas,31,0,
20200310,,2,0,Kentucky,7,0,
20200310,,8,0,Illinois,19,0,
20200310,,1,0,Oklahoma,2,0,
20200310,,5,1,South Dakota,5,1,
20200310,,51,0,Massachusetts,92,0,
20200310,,2,0,Pennsylvania,12,0,
20200310,,9,0,Florida,23,2,
20200310,,2,0,Michigan,2,0,
20200310,,0,0,Ohio,3,0,
20200310,,5,0,Georgia,22,0,
20200310,,5,0,Louisiana,6,0,
20200310,,0,0,Arizona,6,0,
20200310,,2,0,South Carolina,9,0,
20200310,,1,0,Utah,4,0,
20200310,,1,0,New Hampshire,5,0,
20200310,,0,0,Hawaii,2,0,
20200310,,2,0,Indiana,6,0,
20200310,,100,2,Washington,279,24,
20200310,,0,0,Nevada,4,0,
20200310,,0,0,North Carolina,7,0,
20200310,,0,0,"Washington, D.C.",4,0,
20200310,,1,0,Oregon,14,0,
20200310,,1,0,Minnesota,3,0,
20200311,,6,0,Oregon,20,0,
20200311,,3,0,Arizona,9,0,
20200311,,3,0,Nevada,7,0,
20200311,,1,0,Arkansas,1,0,
20200311,,2,0,Rhode Island,5,0,
20200311,,8,0,New Jersey,23,1,
20200311,,0,0,New Hampshire,5,0,
20200311,,1,0,South Carolina,10,0,
20200311,,6,0,Illinois,25,0,
20200311,,59,5,Washington,338,29,
20200311,,7,0,Louisiana,13,0,
20200311,,2,0,Texas,33,0,
20200311,,1,0,Vermont,2,0,
20200311,,9,0,Georgia,31,0,
20200311,,1,0,Iowa,14,0,
20200311,,17,0,Colorado,34,0,
20200311,,3,0,South Dakota,8,1,
20200311,,1,0,Wyoming,1,0,
20200311,,0,0,Hawaii,2,0,
20200311,,4,0,New Mexico,4,0,
20200311,,1,0,Mississippi,1,0,
20200311,,1,0,Connecticut,3,0,
20200311,,5,0,Indiana,11,0,
20200311,,1,0,North Carolina,8,0,
20200311,,4,0,Maryland,13,0,
20200311,,2,0,Minnesota,5,0,
20200311,,23,1,California,202,4,
20200311,,56,0,New York,251,0,2074.0
20200311,,1,0,North Dakota,1,0,
20200311,,0,0,Kentucky,7,0,
20200311,,3,0,Wisconsin,6,0,
20200311,,1,0,Ohio,4,0,
20200311,,1,0,Utah,5,0,
20200311,,1,0,Tennessee,8,0,
20200311,,6,0,"Washington, D.C.",10,0,
20200311,,4,0,Pennsylvania,16,0,
20200311,,6,0,Nebraska,23,0,
20200311,,0,0,Missouri,1,0,
20200311,,0,0,Michigan,2,0,
20200311,,3,0,Florida,26,2,
20200311,,0,0,Oklahoma,2,0,
20200311,,3,0,Massachusetts,95,0,
20200311,,0,0,Kansas,1,0,
20200311,,1,0,Delaware,1,0,
20200312,,1,0,Nebraska,24,0,
20200312,,7,0,Illinois,32,0,
20200312,,1,0,Indiana,12,0,
20200312,,5,0,Arkansas,6,0,
20200312,,8,0,Texas,41,0,
20200312,,1,0,New Hampshire,6,0,
20200312,,2,0,Utah,7,0,
20200312,,50,0,California,252,4,
20200312,,0,0,Mississippi,1,0,
20200312,,4,0,Minnesota,9,0,
20200312,,8,0,North Carolina,16,0,
20200312,,0,0,North Dakota,1,0,
20200312,,4,0,Kentucky,11,0,
20200312,,0,0,"Washington, D.C.",10,0,
20200312,,10,0,Michigan,12,0,
20200312,,1,0,Ohio,5,0,
20200312,,0,0,Wyoming,1,0,
20200312,,81,3,Washington,419,32,
20200312,,13,0,Massachusetts,108,0,
20200312,,0,0,Oklahoma,2,0,
20200312,,20,0,Florida,46,2,
20200312,,1,0,Alaska,1,0,
20200312,,3,0,Delaware,4,0,
20200312,,0,1,Georgia,31,1,
20200312,,0,0,Louisiana,13,0,
20200312,,2,0,South Carolina,12,0,
20200312,,0,0,South Dakota,8,1,
20200312,,3,0,Connecticut,6,0,
20200312,,10,0,Oregon,30,0,
20200312,,1,0,Maine,1,0,
20200312,,2,0,Wisconsin,8,0,
20200312,,0,0,Vermont,2,0,
20200312,,10,0,Tennessee,18,0,
20200312,,5,0,New Jersey,28,1,
20200312,,-2,0,Rhode Island,3,0,
20200312,,0,0,Arizona,9,0,
20200312,,0,0,Hawaii,2,0,
20200312,,2,0,New Mexico,6,0,
20200312,,6,0,Pennsylvania,22,0,
20200312,,1,0,Missouri,2,0,
20200312,,102,0,New York,353,0,2836.0
20200312,,4,1,Kansas,5,1,
20200312,,4,0,Nevada,11,0,
20200312,,0,0,Maryland,13,0,
20200313,,1,0,Wyoming,2,0,
20200313,,0,0,"Washington, D.C.",10,0,
20200313,,149,5,Washington,568,37,
20200313,,5,0,Maryland,18,0,
20200313,,1,0,Maine,2,0,
20200313,,3,0,Iowa,17,0,
20200313,,15,0,Massachusetts,123,0,
20200313,,22,0,Louisiana,35,0,
20200313,,1,0,Arkansas,7,0,
20200313,,3,0,Nebraska,27,0,
20200313,,0,0,Alaska,1,0,
20200313,,13,0,Michigan,25,0,
20200313,,0,0,Kentucky,11,0,
20200313,,5,0,Minnesota,14,0,
20200313,,5,0,Mississippi,6,0,
20200313,,1,0,Kansas,6,1,
20200313,,2,0,Missouri,4,0,
20200313,,4,0,Montana,4,0,
20200313,,0,0,Arizona,9,0,
20200313,,0,0,Vermont,2,0,
20200313,,0,0,Indiana,12,0,
20200313,,8,0,Nevada,19,0,
20200313,,0,0,Utah,7,0,
20200313,,6,0,Alabama,6,0,
20200313,,1,0,Oklahoma,3,0,
20200313,,1,0,South Dakota,9,1,
20200313,,68,1,California,320,5,
20200313,,8,0,Ohio,13,0,
20200313,,0,0,North Dakota,1,0,
20200313,,-2,0,Texas,39,0,
20200313,,-1,0,North Carolina,15,0,
20200313,,5,0,Connecticut,11,0,
20200313,,0,0,Hawaii,2,0,
20200313,,164,0,New York,517,0,4126.0
20200313,,1,0,Idaho,1,0,
20200313,,11,0,Wisconsin,19,0,
20200313,,4,0,New Mexico,10,0,
20200313,,8,0,Tennessee,26,0,
20200313,,19,-1,New Jersey,47,0,91.0
20200313,,10,0,Georgia,41,1,
20200313,,1,0,South Carolina,13,0,
20200313,,14,0,Illinois,46,0,
20200313,,24,0,Florida,70,2,
20200313,,0,0,Oregon,30,0,
20200313,,0,0,Rhode Island,3,0,
20200313,,19,0,Pennsylvania,41,0,
20200313,,1,0,New Hampshire,7,0,
20200313,,0,0,Delaware,4,0,
20200314,,7,0,Minnesota,21,0,
20200314,,2,0,Hawaii,4,0,
20200314,,0,0,Mississippi,6,0,
20200314,,2,0,Kansas,8,1,
20200314,,131,0,New York,648,0,5419.0
20200314,,1,0,Maine,3,0,
20200314,,9,0,Maryland,27,0,
20200314,,4,0,Idaho,5,0,
20200314,,3,0,New Mexico,13,0,
20200314,,17,0,Rhode Island,20,0,
20200314,,6,0,Pennsylvania,47,0,
20200314,,1,0,Missouri,5,0,
20200314,,2,0,Montana,6,0,
20200314,,5,0,Alabama,11,0,
20200314,,6,0,"Washington, D.C.",16,0,
20200314,,6,0,South Carolina,19,0,
20200314,,42,0,Louisiana,77,0,
20200314,,24,0,Georgia,65,1,
20200314,,0,0,Alaska,1,0,
20200314,,1,0,Oklahoma,4,0,
20200314,,6,0,Oregon,36,0,
20200314,,74,3,Washington,642,40,
20200314,,0,-1,South Dakota,9,0,
20200314,,15,0,Massachusetts,138,0,
20200314,,13,0,Ohio,26,0,
20200314,,22,0,New Jersey,69,0,113.0
20200314,,7,0,Kentucky,18,0,
20200314,,0,0,North Dakota,1,0,
20200314,,0,1,Florida,70,3,
20200314,,8,0,Michigan,33,0,
20200314,,9,0,Connecticut,20,0,
20200314,,8,0,North Carolina,23,0,
20200314,,2,0,Delaware,6,0,
20200314,,3,0,Arizona,12,0,
20200314,,2,0,Nevada,21,0,
20200314,,-4,0,Tennessee,22,0,
20200314,,20,0,Illinois,66,0,
20200314,,12,0,Texas,51,0,
20200314,,3,0,Indiana,15,0,
20200314,,1,0,Iowa,18,0,
20200314,,0,0,New Hampshire,7,0,
20200314,,12,0,Utah,19,0,
20200314,,3,0,Vermont,5,0,
20200314,,2,0,Nebraska,29,0,
20200314,,61,0,California,381,5,
20200314,,2,0,Arkansas,9,0,
20200314,,8,0,Wisconsin,27,0,
20200314,,1,0,Wyoming,3,0,
20200314,,64,0,Colorado,98,0,
20200315,,3,0,Kentucky,21,0,
20200315,,97,1,California,478,6,
20200315,,32,0,Georgia,97,1,
20200315,,28,0,Massachusetts,166,0,
20200315,,0,0,North Dakota,1,0,
20200315,,2,0,Nebraska,31,0,
20200315,,11,0,Ohio,37,0,
20200315,,6,0,Connecticut,26,0,
20200315,,4,0,Oklahoma,8,0,
20200315,,20,0,Michigan,53,0,
20200315,,0,0,Alaska,1,0,
20200315,,0,0,South Dakota,9,0,
20200315,,1,0,Arizona,13,0,
20200315,,4,0,Indiana,19,0,
20200315,,9,0,South Carolina,28,0,
20200315,,16,0,Pennsylvania,63,0,
20200315,,6,0,Wisconsin,33,0,
20200315,,0,0,Rhode Island,20,0,
20200315,,5,0,Maryland,32,0,
20200315,,9,0,Maine,12,0,
20200315,,7,0,Arkansas,16,0,
20200315,,11,0,Alabama,22,0,
20200315,,1,0,"Washington, D.C.",17,0,
20200315,,1,0,Delaware,7,0,
20200315,,-12,0,Utah,7,0,
20200315,,39,0,Florida,109,3,
20200315,,127,2,Washington,769,42,
20200315,,3,0,Oregon,39,0,
20200315,,26,0,Louisiana,103,0,
20200315,,6,0,New Hampshire,13,0,
20200315,,28,0,Illinois,94,0,
20200315,,5,0,Texas,56,0,
20200315,,14,0,Minnesota,35,0,
20200315,,3,0,Hawaii,7,0,
20200315,,4,0,New Mexico,17,0,
20200315,,294,0,New York,942,0,7355.0
20200315,,0,0,Missouri,5,0,
20200315,,0,0,Idaho,5,0,
20200315,,0,0,Iowa,18,0,
20200315,,5,0,Nevada,26,0,
20200315,,3,0,Tennessee,25,0,
20200315,,3,0,Vermont,8,0,
20200315,,2,0,Mississippi,8,0,
20200315,,0,0,Wyoming,3,0,
20200315,,29,0,New Jersey,98,0,142.0
20200315,,33,0,Colorado,131,0,758.0
20200315,,1,0,Kansas,9,1,
20200315,,9,0,North Carolina,32,0,
20200315,,0,0,Montana,6,0,
20200316,,7,0,Wyoming,10,0,
20200316,,33,0,Louisiana,136,0,
20200316,,8,0,Oregon,47,0,
20200316,,1,0,North Carolina,33,0,
20200316,,4,0,New Mexico,21,0,
20200316,,135,6,Washington,904,48,
20200316,,10,0,Illinois,104,0,
20200316,,27,-3,Florida,136,0,
20200316,,0,0,Idaho,5,0,
20200316,,5,1,Indiana,24,1,
20200316,,4,0,New Hampshire,17,0,
20200316,,3,0,Utah,10,0,
20200316,,4,0,Missouri,9,0,
20200316,,5,0,"Washington, D.C.",22,0,
20200316,,7,0,Alabama,29,0,
20200316,,6,0,Arkansas,22,0,
20200316,,7,0,Maryland,39,0,
20200316,,1,0,Delaware,8,0,
20200316,,1,0,Rhode Island,21,0,
20200316,,4,0,Maine,16,0,
20200316,,2,0,Montana,8,0,
20200316,,78,0,New Jersey,176,0,220.0
20200316,,4,0,Vermont,12,0,
20200316,,19,1,Nevada,45,1,
20200316,,4,0,Iowa,22,0,
20200316,,5,1,South Carolina,33,1,
20200316,,41,0,Massachusetts,207,0,
20200316,,2,0,Kansas,11,1,
20200316,,1,0,South Dakota,10,0,
20200316,,15,0,Connecticut,41,0,
20200316,,9,0,Tennessee,34,0,
20200316,,0,0,North Dakota,1,0,
20200316,,5,0,Arizona,18,0,
20200316,,3,0,Hawaii,10,0,
20200316,,13,0,Ohio,50,0,
20200316,,2,0,Nebraska,33,0,
20200316,,110,5,California,588,11,
20200316,,1,1,Kentucky,22,1,
20200316,,14,0,Wisconsin,47,0,551.0
20200316,,19,0,Minnesota,54,0,
20200316,,4,0,Mississippi,12,0,
20200316,,-1,0,Texas,55,0,
20200316,,1,0,Michigan,54,0,
20200316,,2,0,Oklahoma,10,0,
20200316,,432,0,New York,1374,0,10262.0
20200316,,2,0,Alaska,3,0,
20200316,,29,0,Colorado,160,0,1216.0
20200316,,21,0,Georgia,118,1,
20200317,,18,0,Maryland,57,0,
20200317,,1,0,South Dakota,11,0,
20200317,,4,0,North Dakota,5,0,
20200317,,2,0,Vermont,14,0,
20200317,,33,0,Pennsylvania,96,0,
20200317,,10,0,Nevada,55,1,
20200317,,18,0,Tennessee,52,0,
20200317,,0,0,Montana,8,0,
20200317,,11,0,Michigan,65,0,
20200317,,7,0,Texas,62,0,
20200317,,0,0,Utah,10,0,
20200317,,1,0,West Virginia,1,0,
20200317,,1009,0,New York,2383,0,14815.0
20200317,,2,0,Rhode Island,23,0,
20200317,,9,0,Mississippi,21,0,
20200317,,8,0,Oklahoma,18,0,
20200317,,9,0,New Hampshire,26,0,
20200317,,2,0,New Mexico,23,0,
20200317,,18,0,Oregon,65,0,
20200317,,25,0,Wisconsin,72,0,1110.0
20200317,,3,0,Nebraska,36,0,
20200317,,108,4,Washington,1012,52,
20200317,,17,0,Ohio,67,0,
20200317,,12,0,Massachusetts,219,0,
20200317,,14,0,South Carolina,47,1,
20200317,,6,0,Minnesota,60,0,
20200317,,9,0,"Washington, D.C.",31,0,
20200317,,74,0,New Jersey,250,0,294.0
20200317,,7,0,North Carolina,40,0,
20200317,,7,0,Missouri,16,0,
20200317,,8,0,Delaware,16,0,
20200317,,4,0,Kentucky,26,1,
20200317,,144,3,California,732,14,
20200317,,4,0,Idaho,9,0,
20200317,,5,0,Wyoming,15,0,
20200317,,2,0,Arizona,20,0,
20200317,,24,0,Georgia,142,1,
20200317,,6,0,Kansas,17,1,
20200317,,1,0,Illinois,105,0,
20200317,,13,0,Maine,29,0,
20200317,,7,0,Iowa,29,0,
20200317,,54,0,Florida,190,0,
20200317,,60,4,Louisiana,196,4,
20200317,,0,0,Colorado,160,0,1216.0
20200317,,6,1,Indiana,30,2,
20200317,,27,0,Connecticut,68,0,
20200317,,0,0,Arkansas,22,0,
20200317,,4,0,Hawaii,14,0,
20200317,,3,0,Alaska,6,0,
20200317,,10,0,Alabama,39,0,
20200318,,2,0,North Dakota,7,0,
20200318,,4,0,Montana,12,0,
20200318,,10,0,Rhode Island,33,0,
20200318,,22,0,Tennessee,74,0,
20200318,,3,0,Alaska,9,0,
20200318,,8,0,Arizona,28,0,
20200318,,147,0,New Jersey,397,0,441.0
20200318,,51,2,Georgia,193,3,
20200318,,13,0,South Carolina,60,1,
20200318,,20,0,Texas,82,0,
20200318,,161,3,California,893,17,
20200318,,41,0,Massachusetts,260,0,
20200318,,0,0,Illinois,105,0,
20200318,,175,14,Washington,1187,66,
20200318,,34,0,Wisconsin,106,0,1683.0
20200318,,12,0,Alabama,51,0,
20200318,,9,0,Iowa,38,0,
20200318,,28,1,Connecticut,96,1,
20200318,,0,0,South Dakota,11,0,
20200318,,7,0,Nebraska,43,0,
20200318,,53,0,Colorado,213,0,
20200318,,21,0,Ohio,88,0,
20200318,,84,3,Louisiana,280,7,
20200318,,13,0,New Hampshire,39,0,
20200318,,5,0,"Washington, D.C.",36,0,
20200318,,27,0,Nevada,82,1,
20200318,,9,0,Indiana,39,2,
20200318,,37,1,Pennsylvania,133,1,1320.0
20200318,,0,0,Utah,10,0,
20200318,,11,0,Arkansas,33,0,
20200318,,13,0,Mississippi,34,0,
20200318,,11,0,Maine,40,0,
20200318,,1769,0,New York,4152,0,22513.0
20200318,,5,0,Kansas,22,1,
20200318,,28,0,Maryland,85,0,
20200318,,11,0,Oklahoma,29,0,
20200318,,138,0,Florida,328,0,
20200318,,10,3,Oregon,75,3,75.0
20200318,,5,1,Missouri,21,1,
20200318,,5,0,Vermont,19,0,
20200318,,10,0,Delaware,26,0,
20200318,,17,0,Minnesota,77,0,
20200318,,9,0,Kentucky,35,1,
20200318,,2,0,Idaho,11,0,
20200318,,2,0,Hawaii,16,0,
20200318,,1,0,West Virginia,2,0,
20200318,,2,0,Wyoming,17,0,
20200318,,5,0,New Mexico,28,0,
20200318,,15,1,Michigan,80,1,
20200318,,22,0,North Carolina,62,0,
20200319,,12,0,Minnesota,89,0,3038.0
20200319,,-16,0,Nebraska,27,0,267.0
20200319,,80,0,Tennessee,154,0,
20200319,,94,7,Georgia,287,10,1831.0
20200319,,16,0,Mississippi,50,0,
20200319,,68,0,Massachusetts,328,0,3132.0
20200319,,26,0,Texas,108,0,
20200319,,15,1,Oklahoma,44,1,760.0
20200319,,68,0,Utah,78,0,1526.0
20200319,,13,0,Arkansas,46,0,469.0
20200319,,17,0,Indiana,56,2,
20200319,,12,0,Kansas,34,1,451.0
20200319,,49,0,Wisconsin,155,0,2347.0
20200319,877.0,4,0,California,897,17,929.0
20200319,,3,0,Missouri,24,1,332.0
20200319,,256,2,Michigan,336,3,2449.0
20200319,,3,0,United States Virgin Islands,3,0,3.0
20200319,,16,0,Arizona,44,0,349.0
20200319,,0,0,Montana,12,0,773.0
20200319,,0,0,Kentucky,35,1,489.0
20200319,,51,0,Colorado,264,0,
20200319,,0,0,Iowa,38,0,121.0
20200319,,31,0,Ohio,119,0,
20200319,,22,0,Maryland,107,0,
20200319,,52,0,Pennsylvania,185,1,1793.0
20200319,,3,0,"Washington, D.C.",39,0,203.0
20200319,,27,0,Alabama,78,0,
20200319,,0,0,Rhode Island,33,0,907.0
20200319,,0,0,Florida,328,0,
20200319,,0,0,West Virginia,2,0,148.0
20200319,,237,0,New Jersey,634,0,
20200319,,0,0,South Carolina,60,1,643.0
20200319,,13,0,Oregon,88,3,88.0
20200319,,0,0,Idaho,11,0,468.0
20200319,,0,0,New Hampshire,39,0,891.0
20200319,,0,0,Illinois,105,0,
20200319,,7,0,New Mexico,35,0,2797.0
20200319,,4,0,Delaware,30,0,
20200319,,2950,0,New York,7102,0,32637.0
20200319,,63,-1,Connecticut,159,0,
20200319,,5,0,Puerto Rico,5,0,90.0
20200319,,-3,0,Alaska,6,0,406.0
20200319,,35,0,North Carolina,97,0,
20200319,,8,0,North Dakota,15,0,508.0
20200319,,0,0,Hawaii,16,0,118.0
20200319,,3,0,Vermont,22,0,667.0
20200319,,188,7,Washington,1375,73,
20200319,,13,0,Maine,53,0,2057.0
20200319,,1,0,Wyoming,18,0,
20200319,,112,3,Louisiana,392,10,
20200319,,3,0,South Dakota,14,0,
20200319,,13,0,Nevada,95,1,1721.0
20200319,,12,0,Guam,12,0,81.0
20200320,,3254,0,New York,10356,0,45724.0
20200320,,50,0,Arkansas,96,0,650.0
20200320,,26,0,Oregon,114,3,114.0
20200320,,23,1,Indiana,79,3,
20200320,,30,1,Mississippi,80,1,
20200320,,10,0,Kansas,44,1,461.0
20200320,,34,0,Utah,112,0,2147.0
20200320,,10,0,Hawaii,26,0,159.0
20200320,,4,0,Wyoming,22,0,
20200320,,26,0,Minnesota,115,0,3856.0
20200320,,40,0,North Carolina,137,0,
20200320,,2,0,Guam,14,0,100.0
20200320,,83,0,Pennsylvania,268,1,2842.0
20200320,,235,11,Florida,563,11,7367.0
20200320,,12,0,Idaho,23,0,613.0
20200320,,7,-1,Missouri,31,0,
20200320,,5,0,North Dakota,20,0,820.0
20200320,,74,0,Tennessee,228,0,
20200320,,5,0,Nebraska,32,0,272.0
20200320,,14,0,Nevada,109,1,2098.0
20200320,,79,4,Colorado,343,4,
20200320,,0,0,South Dakota,14,0,
20200320,,35,0,Connecticut,194,0,
20200320,,7,0,Iowa,45,0,
20200320,,0,0,Illinois,105,0,
20200320,,5,-1,Oklahoma,49,0,
20200320,,5,0,New Hampshire,44,0,1420.0
20200320,,0,0,New Jersey,634,0,
20200320,,21,0,Rhode Island,54,0,848.0
20200320,,4,0,Montana,16,0,947.0
20200320,,67,0,Texas,175,0,
20200320,,9,0,Delaware,39,0,
20200320,,51,0,Wisconsin,206,0,3661.0
20200320,,0,0,United States Virgin Islands,3,0,3.0
20200320,,8,0,New Mexico,43,0,3814.0
20200320,,9,0,Puerto Rico,14,0,180.0
20200320,,21,0,South Carolina,81,1,914.0
20200320,,7,2,Vermont,29,2,808.0
20200320,1026.0,152,3,California,1049,20,1169.0
20200320,,213,0,Michigan,549,3,2618.0
20200320,,104,1,Massachusetts,432,1,
20200320,,198,-10,Georgia,485,0,
20200320,,42,0,Maryland,149,0,
20200320,,5,0,West Virginia,7,0,239.0
20200320,,145,4,Louisiana,537,14,
20200320,,19,0,Arizona,63,0,
20200320,,28,0,Alabama,106,0,
20200320,,4,0,Maine,57,0,2321.0
20200320,,12,0,Kentucky,47,1,639.0
20200320,,147,9,Washington,1522,82,
20200320,,50,0,Ohio,169,0,
20200320,,6,0,Alaska,12,0,698.0
20200320,,32,1,"Washington, D.C.",71,1,573.0
20200321,,25,0,Alabama,131,0,
20200321,,3,0,United States Virgin Islands,6,0,6.0
20200321,,6,0,"Washington, D.C.",77,1,583.0
20200321,,0,0,New Jersey,634,0,
20200321,,12,0,Rhode Island,66,0,1218.0
20200321,,60,0,Mississippi,140,1,
20200321,,70,0,Georgia,555,0,
20200321,,92,2,South Carolina,173,3,
20200321,,6,0,Nebraska,38,0,394.0
20200321,,41,0,Arizona,104,0,
20200321,,11,0,New Hampshire,55,0,1970.0
20200321,,143,0,Tennessee,371,0,
20200321,,30,5,Connecticut,224,5,
20200321,,47,1,Indiana,126,4,
20200321,,226,6,Louisiana,763,20,
20200321,,0,0,South Dakota,14,0,
20200321,,4,0,Oklahoma,53,0,
20200321,,8,0,North Dakota,28,0,1169.0
20200321,,15,1,Nevada,124,2,2508.0
20200321,,264,10,Washington,1786,92,
20200321,,2,0,Wyoming,24,0,
20200321,,2,0,Alaska,14,0,772.0
20200321,,486,5,Michigan,1035,8,
20200321,,22,0,Arkansas,118,0,839.0
20200321,,0,0,Illinois,105,0,
20200321,,6,0,Delaware,45,0,
20200321,,11,1,Kansas,55,2,472.0
20200321,,0,0,Vermont,29,2,808.0
20200321,,11,0,Montana,27,0,
20200321,,47,0,North Carolina,184,0,
20200321,,78,0,Ohio,247,0,
20200321,,23,1,Oregon,137,4,2475.0
20200321,,46,0,Texas,221,0,
20200321,,21,0,Minnesota,136,0,
20200321,,5,0,West Virginia,12,0,
20200321,,11,0,Hawaii,37,0,170.0
20200321,,200,1,Florida,763,12,9338.0
20200321,1381.0,361,5,California,1410,25,2456.0
20200321,,1,0,Guam,15,0,123.0
20200321,,103,1,Pennsylvania,371,2,4137.0
20200321,72.0,30,2,Kentucky,77,3,
20200321,,4812,0,New York,15168,0,61753.0
20200321,,59,0,Missouri,90,0,
20200321,,24,0,Utah,136,0,2560.0
20200321,,75,0,Wisconsin,281,0,4909.0
20200321,,119,0,Massachusetts,551,1,
20200321,,19,0,Idaho,42,0,
20200321,,14,0,New Mexico,57,0,3828.0
20200321,,23,0,Iowa,68,0,
20200321,,7,0,Puerto Rico,21,0,235.0
20200321,,131,1,Colorado,474,5,
20200321,,13,0,Maine,70,0,
20200321,,41,0,Maryland,190,0,
20200322,,129,4,Massachusetts,680,5,
20200322,,0,0,Colorado,474,5,
20200322,1381.0,0,0,California,1410,25,2456.0
20200322,,4,0,Montana,31,0,
20200322,,10,0,Nebraska,48,0,404.0
20200322,,22,0,Iowa,90,0,
20200322,,134,0,Tennessee,505,0,
20200322,,75,2,Indiana,201,6,
20200322,,0,0,North Dakota,28,0,1288.0
20200322,,0,0,Alaska,14,0,772.0
20200322,74.0,2,0,Kentucky,79,3,
20200322,,20,0,Vermont,49,2,978.0
20200322,,7,0,South Dakota,21,0,
20200322,,71,0,North Carolina,255,0,
20200322,,24,0,Oregon,161,4,3025.0
20200322,,0,0,West Virginia,12,0,
20200322,,244,1,Florida,1007,13,11270.0
20200322,,19,0,Maine,89,0,
20200322,,5707,0,New York,20875,0,78565.0
20200322,,104,0,Ohio,351,0,
20200322,,11,0,Hawaii,48,0,311.0
20200322,,108,0,Pennsylvania,479,2,5443.0
20200322,,54,0,Maryland,244,0,
20200322,,2,0,Puerto Rico,23,0,275.0
20200322,,66,0,Nevada,190,2,2638.0
20200322,,8,0,New Mexico,65,0,
20200322,,11,0,Delaware,56,0,
20200322,,21,0,"Washington, D.C.",98,1,1055.0
20200322,,26,0,Alabama,157,0,
20200322,,0,0,New Jersey,634,0,
20200322,,0,0,Rhode Island,66,0,1218.0
20200322,,23,0,New Hampshire,78,0,
20200322,,0,0,Wyoming,24,0,
20200322,,0,0,Illinois,105,0,
20200322,,12,1,Guam,27,1,153.0
20200322,,103,3,Connecticut,327,8,
20200322,,74,0,Louisiana,837,20,
20200322,,0,0,Idaho,42,0,
20200322,,22,0,South Carolina,195,3,
20200322,,203,1,Washington,1989,93,
20200322,,67,0,Mississippi,207,1,
20200322,,0,0,Arkansas,118,0,839.0
20200322,,0,0,United States Virgin Islands,6,0,6.0
20200322,,14,0,Oklahoma,67,0,
20200322,,33,0,Minnesota,169,0,
20200322,,213,3,Virginia,213,3,
20200322,,0,0,Utah,136,0,2560.0
20200322,,45,0,Georgia,600,0,
20200322,,100,0,Wisconsin,381,0,6611.0
20200322,,0,0,Missouri,90,0,
20200322,,48,0,Arizona,152,0,
20200322,,325,4,Michigan,1360,12,
20200322,,44,0,Texas,265,0,
20200322,,0,0,Kansas,55,2,472.0
20200323,,2,0,Nebraska,50,0,406.0
20200323,,18,1,"Washington, D.C.",116,2,1229.0
20200323,,103,2,South Carolina,298,5,
20200323,,35,0,Wisconsin,416,0,7466.0
20200323,,335,14,Louisiana,1172,34,
20200323,,8,2,Puerto Rico,31,2,255.0
20200323,,88,2,Connecticut,415,10,
20200323,,165,4,Pennsylvania,644,6,7239.0
20200323,,44,0,Maryland,288,0,
20200323,,379,9,Michigan,1739,21,
20200323,,31,0,Delaware,87,0,
20200323,,7,0,South Dakota,28,0,
20200323,,232,17,Washington,2221,110,
20200323,,121,1,Utah,257,1,5048.0
20200323,,110,0,Tennessee,615,0,
20200323,,11,0,United States Virgin Islands,17,0,17.0
20200323,,8,0,Idaho,50,0,
20200323,112.0,39,1,Kentucky,118,4,
20200323,,55,2,Nevada,245,4,3735.0
20200323,,58,1,Indiana,259,7,
20200323,,18,0,New Mexico,83,0,
20200323,,14,0,Oklahoma,81,0,
20200323,,26,3,Vermont,75,5,1181.0
20200323,,26,-2,Kansas,81,0,
20200323,,93,0,Missouri,183,0,
20200323,,2,0,North Dakota,30,0,1383.0
20200323,,91,0,Ohio,442,0,
20200323,,42,0,Mississippi,249,1,
20200323,,39,0,Alabama,196,0,
20200323,,200,0,Georgia,800,0,
20200323,,8,0,West Virginia,20,0,
20200323,,65,0,Minnesota,234,0,
20200323,,5,0,Wyoming,29,0,
20200323,,82,0,Arizona,234,0,
20200323,,241,2,Colorado,715,7,
20200323,,2,0,Guam,29,1,190.0
20200323,,83,0,Arkansas,201,0,1132.0
20200323,,22,0,Texas,287,0,
20200323,,220,3,Florida,1227,16,13965.0
20200323,,18,0,Maine,107,0,
20200323,,23,0,New Hampshire,101,0,
20200323,2141.0,778,17,California,2188,42,4248.0
20200323,,1116,12,Illinois,1221,12,
20200323,,0,0,Rhode Island,66,0,
20200323,,30,1,Oregon,191,5,3840.0
20200323,,4790,0,New York,25665,0,91517.0
20200323,,33,3,Virginia,246,6,
20200323,,0,0,New Jersey,634,0,
20200323,,15,0,Iowa,105,0,
20200323,,154,4,Massachusetts,834,9,
20200323,,14,0,Montana,45,0,
20200323,,24,0,Hawaii,72,0,
20200323,,42,0,North Carolina,297,0,
20200324,,297,0,Georgia,1097,0,
20200324,,33,0,Nevada,278,4,4232.0
20200324,,0,0,Rhode Island,66,0,
20200324,,7,0,New Hampshire,108,0,
20200324,,3,0,Guam,32,1,233.0
20200324,,71,0,Mississippi,320,1,
20200324,,23,0,Idaho,73,0,
20200324,,2,0,South Dakota,30,0,
20200324,,615,11,Michigan,2354,32,
20200324,,248,13,Washington,2469,123,
20200324,,46,0,Alabama,242,0,
20200324,220.0,31,2,Arkansas,232,2,1230.0
20200324,,314,4,Illinois,1535,16,
20200324,,216,12,Louisiana,1388,46,
20200324,,0,0,New Jersey,634,0,
20200324,,8,0,Wyoming,37,0,
20200324,,203,2,Connecticut,618,12,
20200324,,67,0,"Washington, D.C.",183,2,1609.0
20200324,,17,0,Delaware,104,0,
20200324,,122,0,Ohio,564,0,
20200324,149.0,37,0,Kentucky,155,4,
20200324,,41,0,Wisconsin,457,0,8694.0
20200324,,41,0,Utah,298,1,5823.0
20200324,2536.0,412,10,California,2600,52,5422.0
20200324,,179,4,Colorado,894,11,
20200324,,-2,1,Hawaii,70,1,
20200324,,101,0,North Carolina,398,0,
20200324,,207,1,Pennsylvania,851,7,9494.0
20200324,,28,0,Alaska,42,0,
20200324,,33,1,Virginia,279,7,
20200324,,18,3,Oregon,209,8,4559.0
20200324,,92,0,Arizona,326,0,
20200324,,5145,0,New York,30810,0,103659.0
20200324,,11,0,Nebraska,61,0,1365.0
20200324,,428,11,Texas,715,11,
20200324,,8,0,Puerto Rico,39,2,349.0
20200324,,19,0,West Virginia,39,0,
20200324,,20,2,Vermont,95,7,1535.0
20200324,,240,4,Florida,1467,20,16046.0
20200324,,19,0,Iowa,124,0,
20200324,,28,0,Minnesota,262,0,
20200324,,14,0,Tennessee,629,0,
20200324,,25,0,Oklahoma,106,0,
20200324,,11,0,Maine,118,0,
20200324,,44,2,South Carolina,342,7,
20200324,,17,0,New Mexico,100,0,
20200324,,106,5,Indiana,365,12,
20200324,,72,0,Missouri,255,0,
20200324,,6,0,Montana,51,0,
20200324,,10,0,Kansas,91,0,
20200324,,61,0,Maryland,349,0,
20200324,,0,0,United States Virgin Islands,17,0,74.0
20200324,,6,0,North Dakota,36,0,1602.0
20200324,,415,2,Massachusetts,1249,11,
20200325,,0,0,"Washington, D.C.",183,2,1609.0
20200325,,57,2,Oregon,266,10,5742.0
20200325,,50,0,Idaho,123,0,
20200325,,28,1,Vermont,123,8,1712.0
20200325,,0,0,Rhode Island,66,0,
20200325,,140,0,Ohio,704,0,
20200325,,290,0,Georgia,1387,0,
20200325,,13,0,West Virginia,52,0,
20200325,,25,0,Minnesota,287,0,
20200325,,57,4,Mississippi,377,5,
20200325,,12,0,Wyoming,49,0,
20200325,,35,0,Kansas,126,0,
20200325,,12,1,New Mexico,112,1,
20200325,,15,0,Delaware,119,0,
20200325,,510,3,Florida,1977,23,23723.0
20200325,,12,0,Puerto Rico,51,2,438.0
20200325,,96,2,Virginia,375,9,
20200325,,24,0,Maine,142,0,
20200325,,128,0,Wisconsin,585,0,10674.0
20200325,,6,-1,Hawaii,76,0,
20200325,,74,4,Maryland,423,4,517.0
20200325,,2835,0,New Jersey,3469,0,
20200325,,48,0,Utah,346,1,6837.0
20200325,,6448,0,New York,37258,0,122310.0
20200325,,144,0,Alabama,386,0,
20200325,,276,4,Pennsylvania,1127,11,12320.0
20200325,,0,0,South Carolina,342,7,
20200325,,106,0,North Carolina,504,0,
20200325,,4,0,Nebraska,65,0,
20200325,3002.0,482,15,California,3082,67,6374.0
20200325,,257,7,Connecticut,875,19,
20200325,,330,3,Illinois,1865,19,
20200325,294.0,76,0,Arkansas,308,2,1777.0
20200325,,407,19,Louisiana,1795,65,
20200325,,17,0,Alaska,59,0,
20200325,,111,0,Washington,2580,123,
20200325,,75,0,Arizona,401,0,
20200325,,58,0,Oklahoma,164,0,
20200325,,112,2,Indiana,477,14,
20200325,,643,23,Michigan,2997,55,
20200325,,74,0,Tennessee,703,0,
20200325,,29,0,New Hampshire,137,0,
20200325,,101,8,Missouri,356,8,
20200325,,43,2,Nevada,321,6,4572.0
20200325,,14,0,Montana,65,0,
20200325,,745,-6,Massachusetts,1994,5,
20200325,,0,0,United States Virgin Islands,17,0,74.0
20200325,,174,8,Colorado,1068,19,
20200325,187.0,40,1,Kentucky,195,5,
20200325,,11,0,South Dakota,41,0,
20200325,,259,1,Texas,974,12,
20200325,,21,0,Iowa,145,0,
20200325,,3,0,North Dakota,39,0,1773.0
20200325,,5,0,Guam,37,1,
20200326,,13,0,Maine,155,0,
20200326,,24,0,New Mexico,136,1,
20200326,227.0,42,0,Kentucky,237,5,
20200326,,7,0,Wyoming,56,0,
20200326,,146,0,Missouri,502,8,
20200326,,0,0,Delaware,119,0,
20200326,,256,0,Georgia,1643,0,
20200326,,507,7,Florida,2484,30,29114.0
20200326,,422,6,Texas,1396,18,
20200326,,260,5,Colorado,1328,24,
20200326,,30,0,Hawaii,106,0,4463.0
20200326,,19,0,North Dakota,58,0,2261.0
20200326,,84,7,Oklahoma,248,7,
20200326,,7379,0,New York,44637,0,138625.0
20200326,,560,5,Pennsylvania,1687,16,18128.0
20200326,,168,3,Indiana,645,17,
20200326,,107,0,Arizona,508,0,
20200326,,45,0,Kansas,171,0,
20200326,,157,0,Maryland,580,4,674.0
20200326,,4,0,Nebraska,69,0,
20200326,,13,0,Puerto Rico,64,2,776.0
20200326,,114,2,South Carolina,456,9,
20200326,,142,0,Tennessee,845,0,
20200326,,34,1,Iowa,179,1,
20200326,,59,0,Minnesota,346,0,
20200326,,5,0,South Dakota,46,0,
20200326,,673,7,Illinois,2538,26,
20200326,,163,15,Ohio,867,15,17316.0
20200326,,25,0,Montana,90,0,
20200326,,8,0,Guam,45,1,308.0
20200326,,35,1,Vermont,158,9,2008.0
20200326,,145,1,Alabama,531,1,4124.0
20200326,,99,0,Rhode Island,165,0,1669.0
20200326,,21,0,New Hampshire,158,0,
20200326,,0,0,American Samoa,0,0,25.0
20200326,,62,3,Idaho,185,3,
20200326,,627,24,Washington,3207,147,
20200326,,50,1,Oregon,316,11,7269.0
20200326,,510,18,Louisiana,2305,83,
20200326,,10,0,Alaska,69,0,
20200326,,131,2,North Carolina,635,2,
20200326,,1929,0,New Jersey,5398,0,
20200326,,690,20,Massachusetts,2684,25,
20200326,3939.0,958,16,California,4040,83,8781.0
20200326,,85,-9,Virginia,460,0,
20200326,327.0,41,1,Arkansas,349,3,1882.0
20200326,,214,4,Nevada,535,10,6696.0
20200326,,710,20,Michigan,3707,75,
20200326,,137,2,Connecticut,1012,21,
20200326,,122,8,Wisconsin,707,8,
20200326,,24,0,West Virginia,76,0,
20200326,,56,0,Utah,402,1,7710.0
20200326,,108,1,Mississippi,485,6,
20200326,,84,1,"Washington, D.C.",267,3,2166.0
20200326,,0,0,United States Virgin Islands,17,0,74.0
20200327,,20,0,West Virginia,96,0,
20200327,,31,0,Montana,121,0,
20200327,,16,0,Alaska,85,0,
20200327,,-139,0,Kansas,32,0,
20200327,,859,10,Massachusetts,3543,35,
20200327,,128,1,North Carolina,763,3,
20200327,,74,1,Oklahoma,322,8,
20200327,,7681,0,New York,52318,0,156069.0
20200327,,358,64,Georgia,2001,64,9865.0
20200327,4744.0,827,16,California,4867,99,9259.0
20200327,,7,0,North Dakota,65,0,2492.0
20200327,,98,1,Oregon,414,12,8924.0
20200327,,135,5,Wisconsin,842,13,
20200327,,56,2,Iowa,235,3,
20200327,,51,0,Minnesota,397,0,
20200327,,26,1,Vermont,184,10,2261.0
20200327,143.0,13,1,Maine,168,1,
20200327,,157,0,Arizona,665,0,
20200327,,335,5,Texas,1731,23,
20200327,360.0,37,0,Arkansas,386,3,3269.0
20200327,,17,0,Wyoming,73,0,
20200327,,279,6,Connecticut,1291,27,
20200327,,1443,0,New Jersey,6841,0,
20200327,,489,8,Illinois,3027,34,
20200327,,94,2,Mississippi,579,8,
20200327,,441,36,Louisiana,2746,119,
20200327,,144,0,Virginia,604,0,
20200327,,45,1,Idaho,230,4,
20200327,,1025,40,Michigan,4732,115,
20200327,,29,0,New Hampshire,187,0,
20200327,,0,0,Rhode Island,165,0,1669.0
20200327,,108,2,Alabama,639,3,
20200327,,6,0,Guam,51,1,350.0
20200327,,0,0,South Carolina,456,9,
20200327,,270,4,Ohio,1137,19,20149.0
20200327,,561,28,Washington,3768,175,
20200327,,78,1,Utah,480,2,9244.0
20200327,,0,0,Nevada,535,10,6696.0
20200327,,714,-30,Florida,3198,0,35895.0
20200327,,9,0,Hawaii,115,0,
20200327,,270,7,Colorado,1598,31,
20200327,,336,7,Indiana,981,24,
20200327,,531,6,Pennsylvania,2218,22,23234.0
20200327,,17,0,Nebraska,86,0,
20200327,,186,0,Tennessee,1031,0,
20200327,,2,0,United States Virgin Islands,19,0,76.0
20200327,,0,0,Delaware,119,0,
20200327,,15,1,Puerto Rico,79,3,932.0
20200327,,55,0,New Mexico,191,1,
20200327,,168,1,Missouri,670,9,
20200327,307.0,80,0,Kentucky,317,5,
20200327,,194,1,Maryland,774,5,868.0
20200327,,11,0,South Dakota,57,0,
20200327,,0,0,"Washington, D.C.",267,3,2166.0
20200328,,445,15,Georgia,2446,79,
20200328,,2,0,Northern Mariana Islands,2,0,2.0
20200328,,172,1,North Carolina,935,4,
20200328,,4,0,Guam,55,1,354.0
20200328,,18,1,North Dakota,83,1,2892.0
20200328,,269,6,Ohio,1406,25,
20200328,,840,0,Florida,4038,0,43071.0
20200328,,55,7,Oklahoma,377,15,
20200328,,251,7,Indiana,1232,31,
20200328,,321,4,Texas,2052,27,
20200328,,63,0,Iowa,298,3,
20200328,5399.0,683,20,California,5550,119,11283.0
20200328,,26,0,Montana,147,0,
20200328,,65,1,Oregon,479,13,10172.0
20200328,,168,1,Missouri,838,10,
20200328,,3,0,United States Virgin Islands,22,0,183.0
20200328,378.0,23,2,Arkansas,409,5,3398.0
20200328,,84,5,Mississippi,663,13,
20200328,,122,0,Utah,602,2,11312.0
20200328,,44,0,Minnesota,441,0,
20200328,,232,2,Kansas,264,2,
20200328,,27,2,Vermont,211,12,2374.0
20200328,,135,0,Virginia,739,0,
20200328,,108,0,Arizona,773,0,
20200328,,0,0,Michigan,4732,115,
20200328,,147,0,Wisconsin,989,13,
20200328,,17,0,Alaska,102,0,
20200328,,717,-31,Massachusetts,4260,4,
20200328,380.0,75,2,Kentucky,392,7,
20200328,,569,18,Louisiana,3315,137,
20200328,,542,14,Washington,4310,189,
20200328,,81,0,Alabama,720,3,
20200328,,218,0,Maryland,992,5,12508.0
20200328,,37,1,"Washington, D.C.",304,4,2516.0
20200328,,17,0,West Virginia,113,0,
20200328,,296,13,Colorado,1894,44,
20200328,,17,0,Nebraska,103,0,
20200328,174.0,43,0,Maine,211,1,
20200328,,83,4,South Carolina,539,13,2947.0
20200328,,31,1,Idaho,261,5,
20200328,,181,0,Tennessee,1212,0,
20200328,,38,0,Rhode Island,203,0,2647.0
20200328,,0,0,Delaware,119,0,
20200328,,11,0,Wyoming,84,0,
20200328,,233,6,Connecticut,1524,33,
20200328,,1805,0,New Jersey,8646,0,
20200328,,21,0,Puerto Rico,100,3,1631.0
20200328,,27,0,New Hampshire,214,0,
20200328,,17,1,New Mexico,208,2,
20200328,,533,12,Pennsylvania,2751,34,28005.0
20200328,,459,13,Illinois,3486,47,
20200328,,86,0,Nevada,621,10,8522.0
20200328,,10,0,South Dakota,67,0,
20200328,,30,0,Hawaii,145,0,
20200328,,7195,0,New York,59513,0,172470.0
20200329,,0,0,Washington,4310,189,
20200329,,27,2,Puerto Rico,127,5,1785.0
20200329,,110,1,Alabama,830,4,
20200329,,113,6,Delaware,232,6,
20200329,,247,4,Ohio,1653,29,
20200329,,38,1,"Washington, D.C.",342,5,2812.0
20200329,,237,4,Georgia,2683,83,
20200329,,11,0,West Virginia,124,0,
20200329,,643,4,Pennsylvania,3394,38,33455.0
20200329,,227,3,Colorado,2121,47,
20200329,,151,0,Virginia,890,0,
20200329,,912,0,Florida,4950,0,50528.0
20200329,,135,0,Tennessee,1347,0,
20200329,,3,0,Wyoming,87,0,
20200329,,22,0,South Dakota,89,0,
20200329,5655.0,262,6,California,5812,125,11385.0
20200329,,500,7,Texas,2552,34,
20200329,,235,3,South Carolina,774,16,
20200329,,12,0,Alaska,114,0,
20200329,,1,0,United States Virgin Islands,23,0,183.0
20200329,,469,1,Connecticut,1993,34,
20200329,,117,0,Utah,719,2,13993.0
20200329,,52,1,Oklahoma,429,16,
20200329,,91,3,Rhode Island,294,3,
20200329,,24,0,Vermont,235,12,3701.0
20200329,,139,0,Arizona,912,0,
20200329,414.0,40,1,Arkansas,449,6,3536.0
20200329,,69,0,Oregon,548,13,11426.0
20200329,211.0,42,0,Maine,253,1,
20200329,,38,1,Iowa,336,4,
20200329,,62,0,Minnesota,503,0,
20200329,448.0,68,0,Kentucky,460,7,
20200329,,58,0,Kansas,322,2,
20200329,,18,0,Nebraska,121,0,
20200329,,1720,0,New Jersey,10366,0,
20200329,,0,0,Northern Mariana Islands,2,0,2.0
20200329,,282,1,Indiana,1514,32,
20200329,,6984,0,New York,66497,0,186585.0
20200329,,95,1,Mississippi,758,14,
20200329,,117,4,Nevada,738,14,9150.0
20200329,,49,1,Idaho,310,6,
20200329,,22,0,Hawaii,167,0,
20200329,,225,14,Louisiana,3540,151,
20200329,,15,-1,North Dakota,98,0,3459.0
20200329,,1,0,Guam,56,1,390.0
20200329,,1155,4,Massachusetts,5415,8,
20200329,,1102,18,Illinois,4588,65,
20200329,,247,-5,Maryland,1239,0,
20200329,,44,0,New Hampshire,258,0,
20200329,,123,0,Wisconsin,1112,13,
20200329,,0,0,Michigan,4732,115,
20200329,,14,0,Montana,161,0,
20200329,,29,0,New Mexico,237,2,
20200329,,231,1,North Carolina,1166,5,
20200329,,65,2,Missouri,903,12,
20200330,,586,6,Washington,4896,195,
20200330,,24,0,Hawaii,191,0,
20200330,,485,34,Louisiana,4025,185,
20200330,469.0,59,1,Arkansas,508,7,6028.0
20200330,,138,1,North Carolina,1304,6,
20200330,,2,0,Guam,58,1,410.0
20200330,,1,2,Alabama,831,6,
20200330,,3567,121,Michigan,8299,236,
20200330,,105,1,Idaho,415,7,
20200330,,245,0,Arizona,1157,0,
20200330,,58,3,Oregon,606,16,12883.0
20200330,,270,1,Nevada,1008,15,11215.0
20200330,,44,0,New Mexico,281,2,
20200330,,461,8,Illinois,5049,73,
20200330,,5,0,Alaska,119,0,
20200330,,16,0,Montana,177,0,
20200330,,9298,0,New York,75795,0,205233.0
20200330,,2423,0,New Jersey,12789,0,
20200330,,272,3,Indiana,1786,35,
20200330,,32,1,Delaware,264,7,
20200330,,130,0,Virginia,1020,0,
20200330,,754,71,Florida,5704,71,56702.0
20200330,471.0,63,3,Kentucky,523,10,
20200330,,47,1,Puerto Rico,174,6,1899.0
20200330,,337,48,Massachusetts,5752,56,
20200330,,693,10,Pennsylvania,4087,48,37864.0
20200330,,128,1,Missouri,1031,13,
20200330,,73,0,Minnesota,576,0,
20200330,,88,2,Iowa,424,6,
20200330,,56,3,New Hampshire,314,3,5792.0
20200330,,280,10,Ohio,1933,39,
20200330,,8,0,Wyoming,95,0,
20200330,,153,4,"Washington, D.C.",495,9,3759.0
20200330,,402,2,Connecticut,2395,36,
20200330,,349,19,Georgia,3032,102,
20200330,,22,0,Nebraska,143,0,
20200330,,174,0,Maryland,1413,0,
20200330,,49,0,Kansas,371,2,
20200330,,114,-3,Rhode Island,408,0,
20200330,,346,4,Colorado,2467,51,
20200330,,325,4,Texas,2877,38,
20200330,,7,0,United States Virgin Islands,30,0,180.0
20200330,,21,0,West Virginia,145,0,
20200330,231.0,22,2,Maine,275,3,
20200330,,87,2,Utah,806,4,16003.0
20200330,,52,1,Oklahoma,481,17,
20200330,,11,0,North Dakota,109,0,3634.0
20200330,,0,0,Northern Mariana Islands,2,0,2.0
20200330,,89,2,Mississippi,847,16,
20200330,,487,13,Tennessee,1834,13,23304.0
20200330,,11,0,South Dakota,100,0,
20200330,7193.0,1575,21,California,7387,146,15137.0
20200330,,109,1,Wisconsin,1221,14,
20200330,,21,0,Vermont,256,12,3930.0
20200330,,151,2,South Carolina,925,18,
20200331,,389,3,Texas,3266,41,
20200331,,81,1,Utah,887,5,18513.0
20200331,,34,3,New Mexico,315,5,
20200331,,53,0,Minnesota,629,0,
20200331,,37,1,Vermont,293,13,4250.0
20200331,,928,26,Illinois,5977,99,
20200331,,158,4,South Carolina,1083,22,
20200331,,0,0,New Hampshire,314,3,5792.0
20200331,,25,0,Wyoming,120,0,
20200331,,7917,0,New York,83712,0,220934.0
20200331,,0,0,Kansas,371,2,
20200331,8017.0,938,32,California,8325,178,19922.0
20200331,,90,4,Mississippi,937,20,
20200331,,18,0,Hawaii,209,0,
20200331,,55,3,Delaware,319,10,
20200331,,756,15,Pennsylvania,4843,63,42488.0
20200331,,230,0,Virginia,1250,0,
20200331,,132,0,Arizona,1289,0,
20200331,,1396,98,Michigan,9695,334,
20200331,515.0,56,1,Arkansas,564,8,7433.0
20200331,,160,10,Connecticut,2555,46,
20200331,,85,6,Oklahoma,566,23,
20200331,,17,0,North Dakota,126,0,4172.0
20200331,,7,0,South Dakota,107,0,
20200331,,0,0,United States Virgin Islands,30,0,180.0
20200331,,130,2,Wisconsin,1351,16,
20200331,,0,0,Northern Mariana Islands,2,0,2.0
20200331,,80,0,Rhode Island,488,0,
20200331,,247,0,Maryland,1660,0,
20200331,,1085,23,Georgia,4117,125,
20200331,,0,0,"Washington, D.C.",495,9,3759.0
20200331,,27,0,Nebraska,170,0,
20200331,,296,1,Missouri,1327,14,
20200331,,266,16,Ohio,2199,55,
20200331,,370,18,Colorado,2837,69,
20200331,230.0,28,2,Maine,303,5,
20200331,,15,0,West Virginia,160,0,
20200331,,405,-13,Tennessee,2239,0,27360.0
20200331,,0,0,American Samoa,0,0,5.0
20200331,,0,0,Washington,4896,195,
20200331,,11,1,Guam,69,2,440.0
20200331,,21,0,Montana,198,0,
20200331,,84,2,Oregon,690,18,13826.0
20200331,,14,0,Alaska,133,0,
20200331,,373,14,Indiana,2159,49,
20200331,,868,33,Massachusetts,6620,89,
20200331,,73,1,Iowa,497,7,
20200331,,110,2,Idaho,525,9,
20200331,,215,2,North Carolina,1519,8,
20200331,,1037,14,Florida,6741,85,64661.0
20200331,,65,2,Puerto Rico,239,8,2288.0
20200331,,2221,268,New Jersey,15010,268,
20200331,548.0,106,7,Kentucky,629,17,
20200331,,105,2,Nevada,1113,17,11794.0
20200331,,168,7,Alabama,999,13,
20200331,,1212,54,Louisiana,5237,239,
20200401,,2733,87,New Jersey,17743,355,
20200401,,47,3,Puerto Rico,286,11,2592.0
20200401,572.0,60,2,Arkansas,624,10,8460.0
20200401,,49,1,Delaware,368,11,
20200401,,254,4,Missouri,1581,18,
20200401,,101,1,New Hampshire,415,4,6619.0
20200401,,136,2,Mississippi,1073,22,
20200401,,47,1,New Mexico,362,6,
20200401,,0,0,United States Virgin Islands,30,0,180.0
20200401,,817,37,Connecticut,3372,83,
20200401,,78,0,Rhode Island,566,0,
20200401,,19,0,Montana,217,0,
20200401,,52,2,Iowa,549,9,
20200401,,29,0,West Virginia,189,0,
20200401,,144,0,Idaho,669,9,
20200401,,124,0,Arizona,1413,0,
20200401,,125,2,Utah,1012,7,20155.0
20200401,,60,0,Minnesota,689,0,
20200401,,818,12,Florida,7559,97,69265.0
20200401,,166,15,Nevada,1279,32,12798.0
20200401,686.0,157,3,Kentucky,786,20,
20200401,,107,4,Alabama,1106,17,
20200401,,1187,34,Louisiana,6424,273,
20200401,,444,24,Tennessee,2683,24,32452.0
20200401,,0,0,Washington,4896,195,
20200401,,153,6,Oklahoma,719,29,
20200401,,63,2,North Carolina,1582,10,
20200401,,21,0,North Dakota,147,0,4529.0
20200401,,4,1,Northern Mariana Islands,6,1,31.0
20200401,,325,0,Maryland,1985,0,
20200401,,631,29,Georgia,4748,154,
20200401,,91,2,"Washington, D.C.",586,11,3850.0
20200401,,38,0,Nebraska,208,0,
20200401,,199,8,Wisconsin,1550,24,20369.0
20200401,,348,10,Ohio,2547,65,
20200401,,366,11,Colorado,3203,80,
20200401,257.0,41,2,Maine,344,7,
20200401,,-56,0,South Dakota,51,0,
20200401,,8,1,Guam,77,3,483.0
20200401,,731,17,Texas,3997,58,
20200401,,406,16,Indiana,2565,65,
20200401,9543.0,1592,36,California,9917,214,26313.0
20200401,,111,8,Kansas,482,10,5893.0
20200401,,1118,33,Massachusetts,7738,122,
20200401,,17,0,Wyoming,137,0,
20200401,,29,0,Hawaii,238,0,
20200401,,8669,0,New York,92381,0,238965.0
20200401,,2111,86,Michigan,11806,420,
20200401,,28,3,Vermont,321,16,4495.0
20200401,,234,0,Virginia,1484,0,
20200401,,0,0,American Samoa,0,0,26.0
20200401,,10,0,Alaska,143,0,
20200401,,210,4,South Carolina,1293,26,
20200401,,46,1,Oregon,736,19,14868.0
20200401,,978,42,Illinois,6955,141,
20200401,,962,11,Pennsylvania,5805,74,48232.0
20200402,,261,5,South Carolina,1554,31,
20200402,,278,28,Connecticut,3650,111,
20200402,,65,2,Iowa,614,11,
20200402,,36,0,Nebraska,244,0,
20200402,,6,0,South Dakota,57,0,
20200402,,0,0,New Hampshire,415,4,6619.0
20200402,,24,0,Montana,241,0,
20200402,,703,15,Illinois,7658,156,
20200402,,162,8,Tennessee,2845,32,34611.0
20200402,,696,22,Georgia,5444,176,
20200402,,474,13,Indiana,3039,78,
20200402,10726.0,1246,29,California,11163,243,32445.0
20200402,,179,6,Nevada,1458,38,14046.0
20200402,,25,0,West Virginia,214,0,
20200402,,10482,0,New York,102863,0,260520.0
20200402,,381,17,Colorado,3584,97,
20200402,,70,3,Kansas,552,13,
20200402,,346,0,Maryland,2331,0,
20200402,,1211,16,Pennsylvania,7016,90,54714.0
20200402,,17,1,Vermont,338,17,5049.0
20200402,,25,0,Hawaii,263,0,
20200402,,1843,98,Michigan,13649,518,
20200402,,672,12,Texas,4669,70,
20200402,,222,0,Virginia,1706,0,
20200402,,164,0,Alabama,1270,17,
20200402,,1689,67,Washington,6585,262,
20200402,,0,0,American Samoa,0,0,26.0
20200402,,160,5,Oklahoma,879,34,
20200402,,90,2,Oregon,826,21,16085.0
20200402,,2726,37,Louisiana,9150,310,
20200402,,1228,32,Massachusetts,8966,154,
20200402,,5,0,Guam,82,3,524.0
20200402,,275,6,North Carolina,1857,16,
20200402,,1449,47,Florida,9008,144,81774.0
20200402,728.0,56,6,Kentucky,842,26,
20200402,,0,0,North Dakota,147,0,4529.0
20200402,,2,0,Northern Mariana Islands,8,1,33.0
20200402,,185,0,Arizona,1598,0,
20200402,,62,0,Utah,1074,7,21065.0
20200402,275.0,32,0,Maine,376,7,
20200402,,16,0,Wyoming,153,0,
20200402,,253,1,Missouri,1834,19,
20200402,,91,0,Rhode Island,657,0,
20200402,,3,0,United States Virgin Islands,33,0,224.0
20200402,,0,0,Idaho,669,9,7282.0
20200402,,2981,178,New Jersey,20724,533,
20200402,,180,7,Wisconsin,1730,31,22047.0
20200402,,355,16,Ohio,2902,81,
20200402,,41,1,New Mexico,403,7,
20200402,621.0,59,2,Arkansas,683,12,8992.0
20200402,,104,0,Mississippi,1177,22,
20200402,,67,1,"Washington, D.C.",653,12,5070.0
20200402,,53,0,Minnesota,742,0,
20200402,,30,1,Puerto Rico,316,12,3039.0
20200402,,25,1,Delaware,393,12,
20200403,,186,6,Wisconsin,1916,37,24293.0
20200403,,43,0,Nebraska,287,0,
20200403,,381,22,Washington,6966,284,
20200403,,1147,60,Louisiana,10297,370,
20200403,,23,2,West Virginia,237,2,6367.0
20200403,,427,42,Maryland,2758,42,
20200403,,104,3,"Washington, D.C.",757,15,5584.0
20200403,310.0,56,2,Maine,432,9,
20200403,,222,5,Tennessee,3067,37,37839.0
20200403,,661,20,Texas,5330,90,
20200403,816.0,118,10,Kentucky,960,36,
20200403,,279,0,Missouri,2113,19,
20200403,,85,0,Iowa,699,11,
20200403,,5,0,United States Virgin Islands,38,0,248.0
20200403,,13,0,Wyoming,166,0,
20200403,651.0,55,0,Arkansas,738,12,9791.0
20200403,,21,0,Montana,262,0,
20200403,,181,6,Mississippi,1358,28,
20200403,,46,0,Minnesota,788,0,
20200403,,265,4,Alabama,1535,21,
20200403,,172,0,Utah,1246,7,24248.0
20200403,,68,4,Kansas,620,17,
20200403,12012.0,1360,37,California,12523,280,36487.0
20200403,,51,0,Vermont,389,17,5228.0
20200403,,2639,78,Michigan,16288,596,
20200403,,306,0,Virginia,2012,0,
20200403,,0,0,American Samoa,0,0,26.0
20200403,,398,24,Indiana,3437,102,
20200403,,1436,38,Massachusetts,10402,192,
20200403,,171,0,Arizona,1769,0,
20200403,,431,14,Colorado,4015,111,
20200403,,523,22,Georgia,5967,198,
20200403,,73,1,Oregon,899,22,17434.0
20200403,,43,0,Hawaii,306,0,
20200403,,26,0,North Dakota,173,0,5675.0
20200403,,109,4,Oklahoma,988,38,
20200403,,1404,12,Pennsylvania,8420,102,62115.0
20200403,,1193,53,Illinois,8851,209,
20200403,,1046,19,Connecticut,4696,130,
20200403,,10841,0,New York,113704,0,283621.0
20200403,,12,0,South Dakota,69,0,
20200403,,0,0,Northern Mariana Islands,8,1,31.0
20200403,,54,0,Rhode Island,711,0,
20200403,,92,3,New Mexico,495,10,
20200403,,125,3,New Hampshire,540,7,7599.0
20200403,,56,5,Nevada,1514,43,14532.0
20200403,,2,1,Guam,84,4,543.0
20200403,,236,3,North Carolina,2093,19,
20200403,,1260,26,Florida,10268,170,95835.0
20200403,,146,3,South Carolina,1700,34,
20200403,,0,0,New Jersey,20724,533,
20200403,,57,2,Delaware,450,14,
20200403,,344,1,Idaho,1013,10,8870.0
20200403,,62,3,Puerto Rico,378,15,3482.0
20200403,,410,10,Ohio,3312,91,
20200404,,339,34,Connecticut,5035,164,
20200404,,0,0,American Samoa,0,0,26.0
20200404,,8327,0,New York,122031,0,302280.0
20200404,,625,0,Virginia,2637,0,
20200404,,81,2,New Hampshire,621,9,8125.0
20200404,,87,0,Iowa,786,11,
20200404,,24,0,Montana,286,0,
20200404,,1334,24,Massachusetts,11736,216,
20200404,,0,0,Michigan,16288,596,
20200404,,100,4,Oregon,999,26,18925.0
20200404,,35,0,Hawaii,341,0,
20200404,709.0,81,2,Arkansas,819,14,11143.0
20200404,,280,7,Mississippi,1638,35,
20200404,,4,0,United States Virgin Islands,42,0,266.0
20200404,,64,0,Idaho,1077,10,10261.0
20200404,,75,0,Minnesota,863,0,
20200404,,74,3,Puerto Rico,452,18,3646.0
20200404,,95,0,Rhode Island,806,0,
20200404,,72,3,Vermont,461,20,5844.0
20200404,,48,1,New Mexico,543,11,
20200404,,21,0,Wyoming,187,0,
20200404,,250,0,Arizona,2019,0,
20200404,,143,0,Delaware,593,14,
20200404,,780,15,Texas,6110,105,
20200404,,1597,34,Pennsylvania,10017,136,70030.0
20200404,,217,6,South Carolina,1917,40,
20200404,,178,5,Missouri,2291,24,
20200404,,182,1,Utah,1428,8,28043.0
20200404,,78,4,Kansas,698,21,
20200404,,0,0,New Jersey,20724,533,
20200404,,9,0,Guam,93,4,565.0
20200404,,0,0,North Dakota,173,0,5675.0
20200404,,625,26,Washington,7591,310,
20200404,,254,6,Tennessee,3321,43,41391.0
20200404,,2199,39,Louisiana,12496,409,
20200404,,7,0,South Dakota,76,0,
20200404,,851,11,Maryland,3609,53,
20200404,,0,0,Northern Mariana Islands,8,1,31.0
20200404,,196,19,Wisconsin,2112,56,25971.0
20200404,,37,0,Nebraska,324,0,
20200404,,145,6,"Washington, D.C.",902,21,6438.0
20200404,,87,-2,West Virginia,324,0,
20200404,,427,11,Ohio,3739,102,
20200404,307.0,38,1,Maine,470,10,
20200404,,416,10,Georgia,6383,208,
20200404,,339,15,Colorado,4354,126,
20200404,,228,3,Nevada,1742,46,16163.0
20200404,,171,4,Oklahoma,1159,42,
20200404,,1506,34,Illinois,10357,243,
20200404,887.0,76,4,Kentucky,1036,40,
20200404,13265.0,1333,38,California,13856,318,40561.0
20200404,,141,10,Alabama,1676,31,
20200404,,492,12,North Carolina,2585,31,
20200404,,1883,48,Florida,12151,218,114580.0
20200404,,974,25,Indiana,4411,127,
20200405,,199,3,Florida,12350,221,116898.0
20200405,,0,0,Northern Mariana Islands,8,1,31.0
20200405,,764,15,Massachusetts,12500,231,
20200405,,0,0,American Samoa,0,0,26.0
20200405,,304,17,Ohio,4043,119,
20200405,,96,1,"Washington, D.C.",998,22,6834.0
20200405,,93,4,Oklahoma,1252,46,
20200405,,23,2,Puerto Rico,475,20,4587.0
20200405,,69,1,Oregon,1068,27,20624.0
20200405,737.0,34,2,Arkansas,853,16,11780.0
20200405,307.0,0,0,Maine,470,10,
20200405,,0,0,North Carolina,2585,31,
20200405,,359,11,Georgia,6742,219,
20200405,,0,0,Mississippi,1638,35,
20200405,,0,0,New Jersey,20724,533,
20200405,,65,0,Minnesota,928,0,
20200405,,81,1,New Mexico,624,12,
20200405,,177,0,Utah,1605,8,30892.0
20200405,,12,0,Wyoming,199,0,
20200405,,155,12,Wisconsin,2267,68,27436.0
20200405,,0,0,Michigan,16288,596,
20200405,,51,2,Vermont,512,22,6582.0
20200405,932.0,59,4,Kentucky,1095,44,
20200405,,8658,0,New York,130689,0,320811.0
20200405,,393,28,Washington,7984,338,
20200405,,0,0,West Virginia,324,0,
20200405,,21,0,Hawaii,362,0,
20200405,,0,0,North Dakota,173,0,5675.0
20200405,,49,1,Kansas,747,22,
20200405,,19,0,Guam,112,4,605.0
20200405,,0,0,Virginia,2637,0,
20200405,,1493,14,Pennsylvania,11510,150,77771.0
20200405,,80,0,Delaware,673,14,
20200405,,514,68,Louisiana,13010,477,
20200405,,0,14,Maryland,3609,67,
20200405,,250,0,Arizona,2269,0,
20200405,,165,0,Alabama,1841,31,
20200405,,338,14,Colorado,4692,140,
20200405,,0,0,Indiana,4411,127,
20200405,,76,10,Missouri,2367,34,
20200405,,82,7,Iowa,868,18,
20200405,,116,0,Rhode Island,922,0,
20200405,,0,0,New Hampshire,621,9,8125.0
20200405,,94,0,Nevada,1836,46,16831.0
20200405,,0,0,Idaho,1077,10,10261.0
20200405,,0,1,United States Virgin Islands,42,1,284.0
20200405,,312,1,Tennessee,3633,44,45300.0
20200405,,42,0,Nebraska,366,0,
20200405,,12,0,Montana,298,0,
20200405,,418,24,Connecticut,5453,188,
20200405,,899,31,Illinois,11256,274,
20200405,14519.0,1305,29,California,15161,347,52489.0
20200405,,132,4,South Carolina,2049,44,
20200405,,702,22,Texas,6812,127,
20200405,,8,0,South Dakota,84,0,
20200406,,1006,33,Illinois,12262,307,
20200406,,5941,324,Michigan,22229,920,
20200406,,464,13,Texas,7276,140,
20200406,,204,10,Colorado,4896,150,
20200406,,1857,35,Louisiana,14867,512,
20200406,,98,3,Kansas,845,25,
20200406,,1189,18,Connecticut,6642,206,
20200406,,31,1,Vermont,543,23,6633.0
20200406,,1470,12,Pennsylvania,12980,162,83854.0
20200406,,110,1,Delaware,783,15,
20200406,,1279,33,Florida,13629,254,126048.0
20200406,,436,24,Maryland,4045,91,
20200406,,52,0,North Dakota,225,0,5999.0
20200406,,13,0,Wyoming,212,0,
20200406,,8174,0,New York,138863,0,340058.0
20200406,,21,0,West Virginia,345,0,
20200406,,165,1,Alabama,2006,32,
20200406,,285,2,North Carolina,2870,33,
20200406,15604.0,1148,40,California,16309,387,86479.0
20200406,,183,4,South Carolina,2232,48,
20200406,,1,0,Guam,113,4,618.0
20200406,,64,2,Oregon,1132,29,21801.0
20200406,,21,0,Montana,319,0,
20200406,,0,0,American Samoa,0,0,31.0
20200406,,169,21,Tennessee,3802,65,47350.0
20200406,1022.0,137,15,Kentucky,1232,59,
20200406,,173,9,Wisconsin,2440,77,29014.0
20200406,,0,0,Indiana,4411,127,
20200406,,75,5,Oklahoma,1327,51,
20200406,,117,12,Nevada,1953,58,17629.0
20200406,,400,34,Washington,8384,372,
20200406,,241,0,Virginia,2878,0,
20200406,,94,0,New Hampshire,715,9,8783.0
20200406,,14,0,Hawaii,376,0,
20200406,,1327,29,Massachusetts,13827,260,76429.0
20200406,,7,0,South Dakota,91,0,
20200406,,355,5,Missouri,2722,39,
20200406,,187,0,Arizona,2456,0,
20200406,,52,0,Minnesota,980,0,
20200406,,1,0,United States Virgin Islands,43,1,285.0
20200406,,99,2,"Washington, D.C.",1097,24,7453.0
20200406,,78,7,Iowa,946,25,
20200406,,100,3,Mississippi,1738,38,
20200406,,160,0,Rhode Island,1082,0,
20200406,,62,0,New Mexico,686,12,
20200406,331.0,29,0,Maine,499,10,
20200406,,93,-10,Idaho,1170,0,
20200406,,43,0,Nebraska,409,0,
20200406,,70,5,Utah,1675,13,33394.0
20200406,,816,75,Georgia,7558,294,
20200406,,407,23,Ohio,4450,142,
20200406,,38,1,Puerto Rico,513,21,4945.0
20200406,,0,0,Northern Mariana Islands,8,1,31.0
20200406,,16845,-533,New Jersey,37569,0,
20200406,772.0,74,0,Arkansas,927,16,13264.0
20200407,,7,0,South Dakota,98,0,
20200407,,298,22,Washington,8682,394,
20200407,,60,2,Puerto Rico,573,23,5507.0
20200407,,336,7,Tennessee,4138,72,52874.0
20200407,,67,0,West Virginia,412,0,
20200407,,134,13,Nevada,2087,71,18639.0
20200407,,191,7,Alabama,2197,39,
20200407,790.0,70,2,Arkansas,997,18,13778.0
20200407,,145,16,Oklahoma,1472,67,
20200407,,1118,42,Florida,14747,296,139669.0
20200407,,138,15,Wisconsin,2578,92,31090.0
20200407,16680.0,1189,60,California,17498,447,99215.0
20200407,,1096,46,Indiana,5507,173,
20200407,,177,0,Mississippi,1915,38,
20200407,,1375,96,Massachusetts,15202,356,81344.0
20200407,,281,29,Colorado,5177,179,
20200407,331.0,20,2,Maine,519,12,
20200407,,9,0,Wyoming,221,0,
20200407,1129.0,141,9,Kentucky,1373,68,
20200407,,185,3,South Carolina,2417,51,
20200407,,2,0,United States Virgin Islands,45,1,322.0
20200407,,1598,54,Georgia,9156,348,
20200407,,0,0,Montana,319,0,
20200407,,8,0,Guam,121,4,650.0
20200407,,49,4,Oregon,1181,33,23007.0
20200407,,350,13,North Carolina,3220,46,
20200407,,4627,0,New Jersey,42196,0,
20200407,,0,0,American Samoa,0,0,31.0
20200407,,455,0,Virginia,3333,0,
20200407,,10453,0,New York,149316,0,365153.0
20200407,,55,2,Kansas,900,27,
20200407,,326,12,Maryland,4371,103,
20200407,,63,0,Utah,1738,13,34647.0
20200407,,147,0,Rhode Island,1229,0,
20200407,,48,0,Nebraska,457,0,
20200407,,1291,73,Illinois,13553,380,
20200407,,315,14,Missouri,3037,53,
20200407,,108,1,New Mexico,794,13,
20200407,,32,0,Vermont,575,23,7129.0
20200407,,0,1,Northern Mariana Islands,8,2,23.0
20200407,,12,0,North Dakota,237,0,6012.0
20200407,,1579,78,Pennsylvania,14559,240,91278.0
20200407,,332,25,Ohio,4782,167,
20200407,,847,68,Connecticut,7489,274,
20200407,,2199,147,Michigan,24428,1067,
20200407,,40,15,Idaho,1210,15,11898.0
20200407,,102,1,Iowa,1048,26,
20200407,,145,1,Delaware,928,16,
20200407,,114,-2,"Washington, D.C.",1211,22,7823.0
20200407,,84,0,Minnesota,1064,0,
20200407,,986,14,Texas,8262,154,
20200407,,121,0,Arizona,2577,0,
20200407,,25,0,Hawaii,401,0,
20200407,,32,4,New Hampshire,747,13,9225.0
20200407,,1417,70,Louisiana,16284,582,
20200408,,48,0,South Dakota,146,0,
20200408,,366,26,Ohio,5148,193,
20200408,,951,27,Florida,15698,323,145164.0
20200408,,14,4,North Dakota,251,4,8552.0
20200408,,240,14,Colorado,5417,193,
20200408,,1048,22,Georgia,10204,370,
20200408,,436,30,Indiana,5943,203,
20200408,,64,0,Nebraska,521,0,
20200408,,1158,21,Maryland,5529,124,
20200408,1277.0,202,7,Kentucky,1575,75,
20200408,336.0,18,2,Maine,537,14,
20200408,,746,70,Louisiana,17030,652,
20200408,,52,12,Oklahoma,1524,79,
20200408,,231,0,Nevada,2318,71,20566.0
20200408,,3,0,Northern Mariana Islands,11,2,47.0
20200408,,1515,82,Illinois,15068,462,
20200408,,224,7,Tennessee,4362,79,56618.0
20200408,,415,27,Washington,9097,421,
20200408,,229,5,"Washington, D.C.",1440,27,8283.0
20200408,,203,7,North Carolina,3423,53,
20200408,,302,9,Alabama,2499,48,
20200408,822.0,80,0,Arkansas,1077,18,14909.0
20200408,,1680,69,Pennsylvania,16239,309,98538.0
20200408,,146,11,Kansas,1046,38,
20200408,,86,0,Minnesota,1150,0,
20200408,,10621,0,New York,159937,0,391549.0
20200408,,71,0,West Virginia,483,0,
20200408,,312,0,Virginia,3645,0,
20200408,,41,5,New Hampshire,788,18,9694.0
20200408,,97,1,Iowa,1145,27,
20200408,,71,3,New Mexico,865,16,
20200408,,47,1,Puerto Rico,620,24,6046.0
20200408,,188,3,Delaware,1116,19,
20200408,,221,0,Rhode Island,1450,0,
20200408,,1724,143,Michigan,26152,1210,
20200408,,108,0,Utah,1846,13,36116.0
20200408,,30,0,Vermont,605,23,7749.0
20200408,,290,5,Missouri,3327,58,
20200408,,926,59,Connecticut,8415,333,
20200408,,149,0,Arizona,2726,0,
20200408,,25,0,Hawaii,426,0,
20200408,,22,-15,Idaho,1232,0,
20200408,,178,7,Wisconsin,2756,99,32871.0
20200408,,1091,23,Texas,9353,177,
20200408,,4,0,Guam,125,4,687.0
20200408,,58,5,Oregon,1239,38,24564.0
20200408,,13,0,Montana,332,0,
20200408,,0,0,American Samoa,0,0,31.0
20200408,,3879,0,New Jersey,46075,0,
20200408,,0,0,United States Virgin Islands,45,1,322.0
20200408,17970.0,1503,56,California,19001,503,128060.0
20200408,,135,12,South Carolina,2552,63,
20200408,,88,3,Mississippi,2003,41,
20200408,,82,0,Wyoming,303,0,
20200408,,1588,77,Massachusetts,16790,433,87511.0
20200409,,15,0,South Dakota,161,0,
20200409,,3956,0,New Jersey,50031,0,
20200409,,292,0,Arizona,3018,0,
20200409,,5,0,United States Virgin Islands,50,1,368.0
20200409,,364,20,Ohio,5512,213,
20200409,,11,0,Hawaii,437,0,
20200409,,130,0,Utah,1976,13,38373.0
20200409,,277,0,Rhode Island,1727,0,
20200409,,63,9,Puerto Rico,683,33,6690.0
20200409,,0,0,Northern Mariana Islands,11,2,47.0
20200409,,124,1,New Mexico,989,17,
20200409,,552,33,Colorado,5969,226,
20200409,,1354,66,Illinois,16422,528,
20200409,,125,0,Iowa,1270,27,
20200409,,129,12,Wisconsin,2885,111,34309.0
20200409,,257,3,Mississippi,2260,44,
20200409,,877,22,Texas,10230,199,
20200409,,90,0,Minnesota,1240,0,
20200409,,49,0,Nebraska,570,0,
20200409,342.0,23,2,Maine,560,16,
20200409,,681,42,Georgia,10885,412,
20200409,,83,5,"Washington, D.C.",1523,32,8724.0
20200409,,339,0,Alabama,2838,48,
20200409,,1989,29,Pennsylvania,18228,338,105602.0
20200409,,240,4,South Carolina,2792,67,
20200409,,138,15,Nevada,2456,86,21771.0
20200409,,408,42,Indiana,6351,245,
20200409,18951.0,1139,42,California,20140,545,136661.0
20200409,,1128,48,Florida,16826,371,158375.0
20200409,,121,24,Idaho,1353,24,13094.0
20200409,,0,0,Montana,332,0,
20200409,,0,0,American Samoa,0,0,31.0
20200409,820.0,69,3,Arkansas,1146,21,15702.0
20200409,1376.0,99,8,Kentucky,1674,83,
20200409,,2151,70,Massachusetts,18941,503,94958.0
20200409,,228,12,North Carolina,3651,65,
20200409,,160,1,Oklahoma,1684,80,
20200409,,60,4,Kansas,1106,42,
20200409,,18,1,North Dakota,269,5,8990.0
20200409,,82,6,Oregon,1321,44,25627.0
20200409,,10575,0,New York,170512,0,417885.0
20200409,,977,45,Connecticut,9392,378,
20200409,,1395,141,Michigan,27547,1351,
20200409,,656,14,Maryland,6185,138,
20200409,,17,0,Wyoming,320,0,
20200409,,1253,50,Louisiana,18283,702,
20200409,,5,0,Guam,130,4,754.0
20200409,,23,0,Vermont,628,23,8181.0
20200409,,212,19,Missouri,3539,77,
20200409,,93,4,Delaware,1209,23,
20200409,,31,3,New Hampshire,819,21,10113.0
20200409,,511,25,Washington,9608,446,
20200409,,397,0,Virginia,4042,0,
20200409,,272,15,Tennessee,4634,94,59849.0
20200409,,40,0,West Virginia,523,0,
20200410,,183,17,Wisconsin,3068,128,36293.0
20200410,,51,0,West Virginia,574,0,
20200410,,0,0,Montana,332,0,
20200410,,137,6,"Washington, D.C.",1660,38,9355.0
20200410,,970,53,Louisiana,19253,755,
20200410,323.0,26,1,Maine,586,17,
20200410,,783,33,Maryland,6968,171,
20200410,,2033,96,Massachusetts,20974,599,102372.0
20200410,,1435,257,Michigan,28982,1608,
20200410,,95,0,Minnesota,1335,0,
20200410,1475.0,146,11,Kentucky,1820,94,
20200410,,209,3,Mississippi,2469,47,
20200410,,67,0,Nebraska,637,0,
20200410,,128,16,Nevada,2584,102,22749.0
20200410,,66,1,New Hampshire,885,22,10586.0
20200410,,3908,0,New Jersey,53939,0,
20200410,,102,2,New Mexico,1091,19,
20200410,,9946,0,New York,180458,0,440980.0
20200410,,20,0,Wyoming,340,0,
20200410,,255,9,North Carolina,3906,74,
20200410,,60,8,Kansas,1166,50,
20200410,,556,55,Indiana,6907,300,
20200410,,170,10,Alabama,3008,58,
20200410,,0,0,American Samoa,0,0,31.0
20200410,,94,0,Arizona,3112,0,
20200410,849.0,56,3,Arkansas,1202,24,17151.0
20200410,19893.0,1036,45,California,21176,590,149482.0
20200410,,396,24,Colorado,6365,250,
20200410,,118,4,Iowa,1388,31,
20200410,,739,66,Connecticut,10131,444,
20200410,,1142,48,Florida,17968,419,167141.0
20200410,,974,13,Georgia,11859,425,
20200410,,0,0,Guam,130,4,792.0
20200410,,22,0,Hawaii,459,0,
20200410,,43,-24,Idaho,1396,0,
20200410,,1465,68,Illinois,17887,596,
20200410,,117,9,Delaware,1326,32,
20200410,,9,1,North Dakota,278,6,9608.0
20200410,,260,19,Missouri,3799,96,
20200410,,16,0,South Dakota,177,0,
20200410,,1441,27,Texas,11671,226,
20200410,,273,5,South Carolina,3065,72,
20200410,,0,0,United States Virgin Islands,50,1,368.0
20200410,,288,0,Rhode Island,2015,0,
20200410,,42,6,Puerto Rico,725,39,7238.0
20200410,,126,4,Utah,2102,17,40762.0
20200410,,228,4,Tennessee,4862,98,62799.0
20200410,,51,1,Vermont,679,24,8657.0
20200410,,50,4,Oregon,1371,48,27224.0
20200410,,1751,78,Pennsylvania,19979,416,113019.0
20200410,,110,8,Oklahoma,1794,88,
20200410,,0,0,Northern Mariana Islands,11,2,47.0
20200410,,279,29,Washington,9887,475,
20200410,,366,18,Ohio,5878,231,
20200410,,467,0,Virginia,4509,0,
20200411,857.0,26,1,Arkansas,1228,25,18617.0
20200411,,1293,81,Illinois,19180,677,
20200411,3634.0,252,3,Tennessee,5114,101,45817.0
20200411,,3,26,Idaho,1399,26,
20200411,,22,0,Hawaii,481,0,
20200411,,337,16,Washington,10224,491,
20200411,,890,28,Texas,12561,254,
20200411,,3,1,Guam,133,5,826.0
20200411,,254,2,Alabama,3262,60,
20200411,,402,7,Georgia,12261,432,
20200411,,1018,27,Florida,18986,446,177179.0
20200411,,0,0,American Samoa,0,0,5.0
20200411,,153,1,Delaware,1479,33,
20200411,,104,1,Utah,2206,18,42546.0
20200411,,568,0,Virginia,5077,0,
20200411,,923,45,Connecticut,11054,489,
20200411,,17,0,West Virginia,591,0,
20200411,,353,24,Colorado,6718,274,
20200411,,281,0,Arizona,3393,0,
20200411,19893.0,0,0,California,21176,590,149482.0
20200411,,32,1,Vermont,711,25,9258.0
20200411,,1,0,United States Virgin Islands,51,1,370.0
20200411,,528,30,Indiana,7435,330,
20200411,,404,6,North Carolina,4310,80,
20200411,,12,0,South Dakota,189,0,
20200411,,0,0,New York,180458,0,440980.0
20200411,,0,0,Northern Mariana Islands,11,2,47.0
20200411,,83,1,New Mexico,1174,20,
20200411,,3288,0,New Jersey,57227,0,
20200411,,372,16,Ohio,6250,247,
20200411,,44,1,New Hampshire,929,23,11044.0
20200411,,116,9,Nevada,2700,111,23587.0
20200411,,74,6,Oklahoma,1868,94,
20200411,,32,0,Nebraska,669,0,
20200411,,0,0,Montana,332,0,
20200411,,76,3,Oregon,1447,51,28638.0
20200411,,225,13,Missouri,4024,109,
20200411,,118,9,"Washington, D.C.",1778,47,10039.0
20200411,,145,9,Wisconsin,3213,137,37893.0
20200411,,173,5,Mississippi,2642,52,
20200411,,1676,78,Pennsylvania,21655,494,120153.0
20200411,,1378,132,Michigan,30360,1740,
20200411,,1886,87,Massachusetts,22860,686,108776.0
20200411,,63,3,Puerto Rico,788,42,7703.0
20200411,,726,35,Maryland,7694,206,
20200411,341.0,30,2,Maine,616,19,
20200411,,334,0,Rhode Island,2349,0,
20200411,,761,51,Louisiana,20014,806,
20200411,1603.0,144,0,Kentucky,1964,94,
20200411,,142,8,South Carolina,3207,80,
20200411,,102,5,Kansas,1268,55,
20200411,,15,-6,North Dakota,293,0,10080.0
20200411,,122,3,Iowa,1510,34,
20200411,,89,0,Minnesota,1424,0,
20200411,,3,0,Wyoming,343,0,
